[{"stream_name":"stderr","time":66.936811273,"data":"ggml_cuda_init: found 2 CUDA devices (Total VRAM: 29823 MiB):\n"}
,{"stream_name":"stderr","time":66.939351962,"data":"  Device 0: Tesla T4, compute capability 7.5, VMM: yes, VRAM: 14911 MiB\n"}
,{"stream_name":"stderr","time":66.942185532,"data":"  Device 1: Tesla T4, compute capability 7.5, VMM: yes, VRAM: 14911 MiB\n"}
,{"stream_name":"stderr","time":68.012287478,"data":"Warning: You are sending unauthenticated requests to the HF Hub. Please set a HF_TOKEN to enable higher rate limits and faster downloads.\n"}
,{"stream_name":"stderr","time":81.622002223,"data":"AMX is not ready to be used!\n"}
,{"stream_name":"stderr","time":83.372540919,"data":"CUDA Graph id 39 reused\n"}
,{"stream_name":"stderr","time":83.372596539,"data":"ggml_backend_cuda_graph_compute: CUDA graph warmup complete\n"}
,{"stream_name":"stderr","time":83.384654961,"data":"CUDA Graph id 40 reused\n"}
,{"stream_name":"stderr","time":83.38469375,"data":"ggml_backend_cuda_graph_compute: CUDA graph warmup complete\n"}
,{"stream_name":"stderr","time":83.397477405,"data":"ggml_backend_cuda_graph_compute: CUDA graph warmup reset\n"}
,{"stream_name":"stderr","time":83.550133707,"data":"ggml_backend_cuda_graph_compute: CUDA graph warmup reset\n"}
,{"stream_name":"stderr","time":83.728882623,"data":"CUDA Graph id 47 reused\n"}
,{"stream_name":"stderr","time":83.728935496,"data":"ggml_backend_cuda_graph_compute: CUDA graph warmup complete\n"}
,{"stream_name":"stderr","time":83.733491468,"data":"CUDA Graph id 48 reused\n"}
,{"stream_name":"stderr","time":83.733542576,"data":"ggml_backend_cuda_graph_compute: CUDA graph warmup complete\n"}
,{"stream_name":"stderr","time":83.748055498,"data":"CUDA Graph id 47 reused\n"}
,{"stream_name":"stderr","time":83.748454058,"data":"CUDA Graph id 48 reused\n"}
,{"stream_name":"stderr","time":83.763136147,"data":"CUDA Graph id 47 reused\n"}
,{"stream_name":"stderr","time":83.763533006,"data":"CUDA Graph id 48 reused\n"}
,{"stream_name":"stderr","time":83.778261648,"data":"CUDA Graph id 47 reused\n"}
,{"stream_name":"stderr","time":83.778643165,"data":"CUDA Graph id 48 reused\n"}
,{"stream_name":"stderr","time":83.793382359,"data":"CUDA Graph id 47 reused\n"}
,{"stream_name":"stderr","time":83.793832642,"data":"CUDA Graph id 48 reused\n"}
,{"stream_name":"stderr","time":83.808114094,"data":"CUDA Graph id 47 reused\n"}
,{"stream_name":"stderr","time":83.808500107,"data":"CUDA Graph id 48 reused\n"}
,{"stream_name":"stderr","time":83.822596,"data":"llama_perf_context_print:        load time =     296.72 ms\n"}
,{"stream_name":"stderr","time":83.822630782,"data":"llama_perf_context_print: prompt eval time =    1016.49 ms /  1035 tokens (    0.98 ms per token,  1018.21 tokens per second)\n"}
,{"stream_name":"stderr","time":83.822636113,"data":"llama_perf_context_print:        eval time =     123.49 ms /     7 runs   (   17.64 ms per token,    56.68 tokens per second)\n"}
,{"stream_name":"stderr","time":83.822640199,"data":"llama_perf_context_print:       total time =     427.42 ms /  1042 tokens\n"}
,{"stream_name":"stderr","time":83.822644348,"data":"llama_perf_context_print:    graphs reused =          6\n"}
,{"stream_name":"stderr","time":83.858386175,"data":"Llama.generate: 3 prefix-match hit, remaining 18 prompt tokens to eval\n"}
,{"stream_name":"stderr","time":83.860656871,"data":"ggml_backend_cuda_graph_compute: CUDA graph warmup reset\n"}
,{"stream_name":"stderr","time":83.865357908,"data":"ggml_backend_cuda_graph_compute: CUDA graph warmup reset\n"}
,{"stream_name":"stderr","time":83.903196592,"data":"CUDA Graph id 55 reused\n"}
,{"stream_name":"stderr","time":83.903234325,"data":"ggml_backend_cuda_graph_compute: CUDA graph warmup complete\n"}
,{"stream_name":"stderr","time":83.905420369,"data":"CUDA Graph id 56 reused\n"}
,{"stream_name":"stderr","time":83.905449925,"data":"ggml_backend_cuda_graph_compute: CUDA graph warmup complete\n"}
,{"stream_name":"stderr","time":83.91980393,"data":"CUDA Graph id 55 reused\n"}
,{"stream_name":"stderr","time":83.920137911,"data":"CUDA Graph id 56 reused\n"}
,{"stream_name":"stderr","time":83.934290288,"data":"CUDA Graph id 55 reused\n"}
,{"stream_name":"stderr","time":83.934650703,"data":"CUDA Graph id 56 reused\n"}
,{"stream_name":"stderr","time":83.948867584,"data":"CUDA Graph id 55 reused\n"}
,{"stream_name":"stderr","time":83.949254091,"data":"CUDA Graph id 56 reused\n"}
,{"stream_name":"stderr","time":83.963595418,"data":"CUDA Graph id 55 reused\n"}
,{"stream_name":"stderr","time":83.964023555,"data":"CUDA Graph id 56 reused\n"}
,{"stream_name":"stderr","time":83.97814144,"data":"CUDA Graph id 55 reused\n"}
,{"stream_name":"stderr","time":83.978535845,"data":"CUDA Graph id 56 reused\n"}
,{"stream_name":"stderr","time":83.992807273,"data":"CUDA Graph id 55 reused\n"}
,{"stream_name":"stderr","time":83.993279409,"data":"CUDA Graph id 56 reused\n"}
,{"stream_name":"stderr","time":84.007605192,"data":"CUDA Graph id 55 reused\n"}
,{"stream_name":"stderr","time":84.007922191,"data":"CUDA Graph id 56 reused\n"}
,{"stream_name":"stderr","time":84.022145872,"data":"CUDA Graph id 55 reused\n"}
,{"stream_name":"stderr","time":84.022607622,"data":"CUDA Graph id 56 reused\n"}
,{"stream_name":"stderr","time":84.03700667,"data":"CUDA Graph id 55 reused\n"}
,{"stream_name":"stderr","time":84.037296692,"data":"CUDA Graph id 56 reused\n"}
,{"stream_name":"stderr","time":84.051587284,"data":"CUDA Graph id 55 reused\n"}
,{"stream_name":"stderr","time":84.052046981,"data":"CUDA Graph id 56 reused\n"}
,{"stream_name":"stderr","time":84.066302593,"data":"CUDA Graph id 55 reused\n"}
,{"stream_name":"stderr","time":84.066856206,"data":"CUDA Graph id 56 reused\n"}
,{"stream_name":"stderr","time":84.081020831,"data":"CUDA Graph id 55 reused\n"}
,{"stream_name":"stderr","time":84.081446733,"data":"CUDA Graph id 56 reused\n"}
,{"stream_name":"stderr","time":84.095814661,"data":"CUDA Graph id 55 reused\n"}
,{"stream_name":"stderr","time":84.096266881,"data":"CUDA Graph id 56 reused\n"}
,{"stream_name":"stderr","time":84.110565032,"data":"CUDA Graph id 55 reused\n"}
,{"stream_name":"stderr","time":84.111117835,"data":"CUDA Graph id 56 reused\n"}
,{"stream_name":"stderr","time":84.125321426,"data":"CUDA Graph id 55 reused\n"}
,{"stream_name":"stderr","time":84.125737418,"data":"CUDA Graph id 56 reused\n"}
,{"stream_name":"stderr","time":84.139979929,"data":"CUDA Graph id 55 reused\n"}
,{"stream_name":"stderr","time":84.140441921,"data":"CUDA Graph id 56 reused\n"}
,{"stream_name":"stderr","time":84.154750882,"data":"CUDA Graph id 55 reused\n"}
,{"stream_name":"stderr","time":84.155239449,"data":"CUDA Graph id 56 reused\n"}
,{"stream_name":"stderr","time":84.169532559,"data":"CUDA Graph id 55 reused\n"}
,{"stream_name":"stderr","time":84.17004046,"data":"CUDA Graph id 56 reused\n"}
,{"stream_name":"stderr","time":84.184271225,"data":"CUDA Graph id 55 reused\n"}
,{"stream_name":"stderr","time":84.184701284,"data":"CUDA Graph id 56 reused\n"}
,{"stream_name":"stderr","time":84.199116765,"data":"CUDA Graph id 55 reused\n"}
,{"stream_name":"stderr","time":84.199565806,"data":"CUDA Graph id 56 reused\n"}
,{"stream_name":"stderr","time":84.213902307,"data":"CUDA Graph id 55 reused\n"}
,{"stream_name":"stderr","time":84.214339433,"data":"CUDA Graph id 56 reused\n"}
,{"stream_name":"stderr","time":84.22863825,"data":"CUDA Graph id 55 reused\n"}
,{"stream_name":"stderr","time":84.229099032,"data":"CUDA Graph id 56 reused\n"}
,{"stream_name":"stderr","time":84.243321922,"data":"CUDA Graph id 55 reused\n"}
,{"stream_name":"stderr","time":84.243748967,"data":"CUDA Graph id 56 reused\n"}
,{"stream_name":"stderr","time":84.258150819,"data":"CUDA Graph id 55 reused\n"}
,{"stream_name":"stderr","time":84.258509237,"data":"CUDA Graph id 56 reused\n"}
,{"stream_name":"stderr","time":84.272942382,"data":"CUDA Graph id 55 reused\n"}
,{"stream_name":"stderr","time":84.273386264,"data":"CUDA Graph id 56 reused\n"}
,{"stream_name":"stderr","time":84.287995881,"data":"CUDA Graph id 55 reused\n"}
,{"stream_name":"stderr","time":84.288120063,"data":"CUDA Graph id 56 reused\n"}
,{"stream_name":"stderr","time":84.302438866,"data":"CUDA Graph id 55 reused\n"}
,{"stream_name":"stderr","time":84.302800803,"data":"CUDA Graph id 56 reused\n"}
,{"stream_name":"stderr","time":84.317254185,"data":"CUDA Graph id 55 reused\n"}
,{"stream_name":"stderr","time":84.317587451,"data":"CUDA Graph id 56 reused\n"}
,{"stream_name":"stderr","time":84.331945245,"data":"CUDA Graph id 55 reused\n"}
,{"stream_name":"stderr","time":84.33232638,"data":"CUDA Graph id 56 reused\n"}
,{"stream_name":"stderr","time":84.346632845,"data":"CUDA Graph id 55 reused\n"}
,{"stream_name":"stderr","time":84.347089595,"data":"CUDA Graph id 56 reused\n"}
,{"stream_name":"stderr","time":84.361538227,"data":"CUDA Graph id 55 reused\n"}
,{"stream_name":"stderr","time":84.361787823,"data":"CUDA Graph id 56 reused\n"}
,{"stream_name":"stderr","time":84.376141387,"data":"CUDA Graph id 55 reused\n"}
,{"stream_name":"stderr","time":84.376552215,"data":"CUDA Graph id 56 reused\n"}
,{"stream_name":"stderr","time":84.39112303900001,"data":"CUDA Graph id 55 reused\n"}
,{"stream_name":"stderr","time":84.391498412,"data":"CUDA Graph id 56 reused\n"}
,{"stream_name":"stderr","time":84.405891305,"data":"CUDA Graph id 55 reused\n"}
,{"stream_name":"stderr","time":84.406213784,"data":"CUDA Graph id 56 reused\n"}
,{"stream_name":"stderr","time":84.420596402,"data":"CUDA Graph id 55 reused\n"}
,{"stream_name":"stderr","time":84.421114859,"data":"CUDA Graph id 56 reused\n"}
,{"stream_name":"stderr","time":84.435512758,"data":"CUDA Graph id 55 reused\n"}
,{"stream_name":"stderr","time":84.435992259,"data":"CUDA Graph id 56 reused\n"}
,{"stream_name":"stderr","time":84.450632576,"data":"CUDA Graph id 55 reused\n"}
,{"stream_name":"stderr","time":84.451172936,"data":"CUDA Graph id 56 reused\n"}
,{"stream_name":"stderr","time":84.465425039,"data":"CUDA Graph id 55 reused\n"}
,{"stream_name":"stderr","time":84.465939028,"data":"CUDA Graph id 56 reused\n"}
,{"stream_name":"stderr","time":84.480273404,"data":"CUDA Graph id 55 reused\n"}
,{"stream_name":"stderr","time":84.480673983,"data":"CUDA Graph id 56 reused\n"}
,{"stream_name":"stderr","time":84.495053473,"data":"CUDA Graph id 55 reused\n"}
,{"stream_name":"stderr","time":84.495506347,"data":"CUDA Graph id 56 reused\n"}
,{"stream_name":"stderr","time":84.509940572,"data":"CUDA Graph id 55 reused\n"}
,{"stream_name":"stderr","time":84.510321748,"data":"CUDA Graph id 56 reused\n"}
,{"stream_name":"stderr","time":84.52455497,"data":"CUDA Graph id 55 reused\n"}
,{"stream_name":"stderr","time":84.52506931,"data":"CUDA Graph id 56 reused\n"}
,{"stream_name":"stderr","time":84.539321293,"data":"CUDA Graph id 55 reused\n"}
,{"stream_name":"stderr","time":84.539756648,"data":"CUDA Graph id 56 reused\n"}
,{"stream_name":"stderr","time":84.55406264,"data":"CUDA Graph id 55 reused\n"}
,{"stream_name":"stderr","time":84.554507724,"data":"CUDA Graph id 56 reused\n"}
,{"stream_name":"stderr","time":84.568888015,"data":"CUDA Graph id 55 reused\n"}
,{"stream_name":"stderr","time":84.569352876,"data":"CUDA Graph id 56 reused\n"}
,{"stream_name":"stderr","time":84.583793655,"data":"CUDA Graph id 55 reused\n"}
,{"stream_name":"stderr","time":84.584334228,"data":"CUDA Graph id 56 reused\n"}
,{"stream_name":"stderr","time":84.598624403,"data":"CUDA Graph id 55 reused\n"}
,{"stream_name":"stderr","time":84.599079905,"data":"CUDA Graph id 56 reused\n"}
,{"stream_name":"stderr","time":84.613427453,"data":"CUDA Graph id 55 reused\n"}
,{"stream_name":"stderr","time":84.61387786,"data":"CUDA Graph id 56 reused\n"}
,{"stream_name":"stderr","time":84.628284479,"data":"CUDA Graph id 55 reused\n"}
,{"stream_name":"stderr","time":84.62870442,"data":"CUDA Graph id 56 reused\n"}
,{"stream_name":"stderr","time":84.643113314,"data":"CUDA Graph id 55 reused\n"}
,{"stream_name":"stderr","time":84.643539465,"data":"CUDA Graph id 56 reused\n"}
,{"stream_name":"stderr","time":84.660952031,"data":"CUDA Graph id 55 reused\n"}
,{"stream_name":"stderr","time":84.660996956,"data":"CUDA Graph id 56 reused\n"}
,{"stream_name":"stderr","time":84.672739609,"data":"CUDA Graph id 55 reused\n"}
,{"stream_name":"stderr","time":84.673160471,"data":"CUDA Graph id 56 reused\n"}
,{"stream_name":"stderr","time":84.687504575,"data":"CUDA Graph id 55 reused\n"}
,{"stream_name":"stderr","time":84.687971611,"data":"CUDA Graph id 56 reused\n"}
,{"stream_name":"stderr","time":84.70236896,"data":"CUDA Graph id 55 reused\n"}
,{"stream_name":"stderr","time":84.702750407,"data":"CUDA Graph id 56 reused\n"}
,{"stream_name":"stderr","time":84.717205407,"data":"CUDA Graph id 55 reused\n"}
,{"stream_name":"stderr","time":84.717650553,"data":"CUDA Graph id 56 reused\n"}
,{"stream_name":"stderr","time":84.731956795,"data":"CUDA Graph id 55 reused\n"}
,{"stream_name":"stderr","time":84.732391849,"data":"CUDA Graph id 56 reused\n"}
,{"stream_name":"stderr","time":84.746789654,"data":"CUDA Graph id 55 reused\n"}
,{"stream_name":"stderr","time":84.74715084,"data":"CUDA Graph id 56 reused\n"}
,{"stream_name":"stderr","time":84.761446014,"data":"CUDA Graph id 55 reused\n"}
,{"stream_name":"stderr","time":84.761948439,"data":"CUDA Graph id 56 reused\n"}
,{"stream_name":"stderr","time":84.77626558,"data":"CUDA Graph id 55 reused\n"}
,{"stream_name":"stderr","time":84.776693094,"data":"CUDA Graph id 56 reused\n"}
,{"stream_name":"stderr","time":84.791131469,"data":"CUDA Graph id 55 reused\n"}
,{"stream_name":"stderr","time":84.791623229,"data":"CUDA Graph id 56 reused\n"}
,{"stream_name":"stderr","time":84.806012825,"data":"CUDA Graph id 55 reused\n"}
,{"stream_name":"stderr","time":84.806458676,"data":"CUDA Graph id 56 reused\n"}
,{"stream_name":"stderr","time":84.820863923,"data":"CUDA Graph id 55 reused\n"}
,{"stream_name":"stderr","time":84.821332576,"data":"CUDA Graph id 56 reused\n"}
,{"stream_name":"stderr","time":84.835784792,"data":"CUDA Graph id 55 reused\n"}
,{"stream_name":"stderr","time":84.836208644,"data":"CUDA Graph id 56 reused\n"}
,{"stream_name":"stderr","time":84.850589829,"data":"CUDA Graph id 55 reused\n"}
,{"stream_name":"stderr","time":84.851065182,"data":"CUDA Graph id 56 reused\n"}
,{"stream_name":"stderr","time":84.865475648,"data":"CUDA Graph id 55 reused\n"}
,{"stream_name":"stderr","time":84.866005792,"data":"CUDA Graph id 56 reused\n"}
,{"stream_name":"stderr","time":84.880503316,"data":"CUDA Graph id 55 reused\n"}
,{"stream_name":"stderr","time":84.881028045,"data":"CUDA Graph id 56 reused\n"}
,{"stream_name":"stderr","time":84.895452941,"data":"CUDA Graph id 55 reused\n"}
,{"stream_name":"stderr","time":84.89596105,"data":"CUDA Graph id 56 reused\n"}
,{"stream_name":"stderr","time":84.91034239,"data":"CUDA Graph id 55 reused\n"}
,{"stream_name":"stderr","time":84.910787775,"data":"CUDA Graph id 56 reused\n"}
,{"stream_name":"stderr","time":84.925211188,"data":"CUDA Graph id 55 reused\n"}
,{"stream_name":"stderr","time":84.925639554,"data":"CUDA Graph id 56 reused\n"}
,{"stream_name":"stderr","time":84.940136756,"data":"CUDA Graph id 55 reused\n"}
,{"stream_name":"stderr","time":84.940569387,"data":"CUDA Graph id 56 reused\n"}
,{"stream_name":"stderr","time":84.954978962,"data":"CUDA Graph id 55 reused\n"}
,{"stream_name":"stderr","time":84.955483297,"data":"CUDA Graph id 56 reused\n"}
,{"stream_name":"stderr","time":84.969815953,"data":"CUDA Graph id 55 reused\n"}
,{"stream_name":"stderr","time":84.970256116,"data":"CUDA Graph id 56 reused\n"}
,{"stream_name":"stderr","time":84.984628314,"data":"CUDA Graph id 55 reused\n"}
,{"stream_name":"stderr","time":84.985084626,"data":"CUDA Graph id 56 reused\n"}
,{"stream_name":"stderr","time":84.999505206,"data":"CUDA Graph id 55 reused\n"}
,{"stream_name":"stderr","time":85.000024135,"data":"CUDA Graph id 56 reused\n"}
,{"stream_name":"stderr","time":85.014254093,"data":"CUDA Graph id 55 reused\n"}
,{"stream_name":"stderr","time":85.014764187,"data":"CUDA Graph id 56 reused\n"}
,{"stream_name":"stderr","time":85.029187749,"data":"CUDA Graph id 55 reused\n"}
,{"stream_name":"stderr","time":85.029573648,"data":"CUDA Graph id 56 reused\n"}
,{"stream_name":"stderr","time":85.044069102,"data":"CUDA Graph id 55 reused\n"}
,{"stream_name":"stderr","time":85.044427149,"data":"CUDA Graph id 56 reused\n"}
,{"stream_name":"stderr","time":85.058984811,"data":"CUDA Graph id 55 reused\n"}
,{"stream_name":"stderr","time":85.059539175,"data":"CUDA Graph id 56 reused\n"}
,{"stream_name":"stderr","time":85.07381319,"data":"CUDA Graph id 55 reused\n"}
,{"stream_name":"stderr","time":85.074281568,"data":"CUDA Graph id 56 reused\n"}
,{"stream_name":"stderr","time":85.08881481,"data":"CUDA Graph id 55 reused\n"}
,{"stream_name":"stderr","time":85.089246506,"data":"CUDA Graph id 56 reused\n"}
,{"stream_name":"stderr","time":85.103702214,"data":"CUDA Graph id 55 reused\n"}
,{"stream_name":"stderr","time":85.104143194,"data":"CUDA Graph id 56 reused\n"}
,{"stream_name":"stderr","time":85.118666415,"data":"CUDA Graph id 55 reused\n"}
,{"stream_name":"stderr","time":85.119142847,"data":"CUDA Graph id 56 reused\n"}
,{"stream_name":"stderr","time":85.133586745,"data":"CUDA Graph id 55 reused\n"}
,{"stream_name":"stderr","time":85.134011345,"data":"CUDA Graph id 56 reused\n"}
,{"stream_name":"stderr","time":85.148509105,"data":"CUDA Graph id 55 reused\n"}
,{"stream_name":"stderr","time":85.1490169,"data":"CUDA Graph id 56 reused\n"}
,{"stream_name":"stderr","time":85.163583403,"data":"CUDA Graph id 55 reused\n"}
,{"stream_name":"stderr","time":85.164084617,"data":"CUDA Graph id 56 reused\n"}
,{"stream_name":"stderr","time":85.178456434,"data":"CUDA Graph id 55 reused\n"}
,{"stream_name":"stderr","time":85.178898025,"data":"CUDA Graph id 56 reused\n"}
,{"stream_name":"stderr","time":85.193319585,"data":"CUDA Graph id 55 reused\n"}
,{"stream_name":"stderr","time":85.193703452,"data":"CUDA Graph id 56 reused\n"}
,{"stream_name":"stderr","time":85.208231076,"data":"CUDA Graph id 55 reused\n"}
,{"stream_name":"stderr","time":85.208635728,"data":"CUDA Graph id 56 reused\n"}
,{"stream_name":"stderr","time":85.223124352,"data":"CUDA Graph id 55 reused\n"}
,{"stream_name":"stderr","time":85.223479937,"data":"CUDA Graph id 56 reused\n"}
,{"stream_name":"stderr","time":85.237922171,"data":"CUDA Graph id 55 reused\n"}
,{"stream_name":"stderr","time":85.238619609,"data":"CUDA Graph id 56 reused\n"}
,{"stream_name":"stderr","time":85.252821572,"data":"CUDA Graph id 55 reused\n"}
,{"stream_name":"stderr","time":85.253226174,"data":"CUDA Graph id 56 reused\n"}
,{"stream_name":"stderr","time":85.267648245,"data":"CUDA Graph id 55 reused\n"}
,{"stream_name":"stderr","time":85.268127064,"data":"CUDA Graph id 56 reused\n"}
,{"stream_name":"stderr","time":85.283229248,"data":"CUDA Graph id 55 reused\n"}
,{"stream_name":"stderr","time":85.283664997,"data":"CUDA Graph id 56 reused\n"}
,{"stream_name":"stderr","time":85.298132198,"data":"CUDA Graph id 55 reused\n"}
,{"stream_name":"stderr","time":85.298547977,"data":"CUDA Graph id 56 reused\n"}
,{"stream_name":"stderr","time":85.312950929,"data":"CUDA Graph id 55 reused\n"}
,{"stream_name":"stderr","time":85.313760586,"data":"CUDA Graph id 56 reused\n"}
,{"stream_name":"stderr","time":85.327784604,"data":"CUDA Graph id 55 reused\n"}
,{"stream_name":"stderr","time":85.328211801,"data":"CUDA Graph id 56 reused\n"}
,{"stream_name":"stderr","time":85.342552838,"data":"CUDA Graph id 55 reused\n"}
,{"stream_name":"stderr","time":85.343123367,"data":"CUDA Graph id 56 reused\n"}
,{"stream_name":"stderr","time":85.35735069,"data":"CUDA Graph id 55 reused\n"}
,{"stream_name":"stderr","time":85.357732862,"data":"CUDA Graph id 56 reused\n"}
,{"stream_name":"stderr","time":85.372274636,"data":"CUDA Graph id 55 reused\n"}
,{"stream_name":"stderr","time":85.372630495,"data":"CUDA Graph id 56 reused\n"}
,{"stream_name":"stderr","time":85.387222242,"data":"CUDA Graph id 55 reused\n"}
,{"stream_name":"stderr","time":85.387636855,"data":"CUDA Graph id 56 reused\n"}
,{"stream_name":"stderr","time":85.40215872,"data":"CUDA Graph id 55 reused\n"}
,{"stream_name":"stderr","time":85.402512107,"data":"CUDA Graph id 56 reused\n"}
,{"stream_name":"stderr","time":85.417744077,"data":"CUDA Graph id 55 reused\n"}
,{"stream_name":"stderr","time":85.418251191,"data":"CUDA Graph id 56 reused\n"}
,{"stream_name":"stderr","time":85.432660169,"data":"CUDA Graph id 55 reused\n"}
,{"stream_name":"stderr","time":85.43308771,"data":"CUDA Graph id 56 reused\n"}
,{"stream_name":"stderr","time":85.447589474,"data":"CUDA Graph id 55 reused\n"}
,{"stream_name":"stderr","time":85.448101218,"data":"CUDA Graph id 56 reused\n"}
,{"stream_name":"stderr","time":85.462563104,"data":"CUDA Graph id 55 reused\n"}
,{"stream_name":"stderr","time":85.463068275,"data":"CUDA Graph id 56 reused\n"}
,{"stream_name":"stderr","time":85.477482485,"data":"CUDA Graph id 55 reused\n"}
,{"stream_name":"stderr","time":85.478031132,"data":"CUDA Graph id 56 reused\n"}
,{"stream_name":"stderr","time":85.492529596,"data":"CUDA Graph id 55 reused\n"}
,{"stream_name":"stderr","time":85.493007962,"data":"CUDA Graph id 56 reused\n"}
,{"stream_name":"stderr","time":85.50749673,"data":"CUDA Graph id 55 reused\n"}
,{"stream_name":"stderr","time":85.507988356,"data":"CUDA Graph id 56 reused\n"}
,{"stream_name":"stderr","time":85.522455322,"data":"CUDA Graph id 55 reused\n"}
,{"stream_name":"stderr","time":85.523024384,"data":"CUDA Graph id 56 reused\n"}
,{"stream_name":"stderr","time":85.537465619,"data":"CUDA Graph id 55 reused\n"}
,{"stream_name":"stderr","time":85.538004068,"data":"CUDA Graph id 56 reused\n"}
,{"stream_name":"stderr","time":85.552404458,"data":"CUDA Graph id 55 reused\n"}
,{"stream_name":"stderr","time":85.552885804,"data":"CUDA Graph id 56 reused\n"}
,{"stream_name":"stderr","time":85.567364689,"data":"CUDA Graph id 55 reused\n"}
,{"stream_name":"stderr","time":85.567861783,"data":"CUDA Graph id 56 reused\n"}
,{"stream_name":"stderr","time":85.582250462,"data":"CUDA Graph id 55 reused\n"}
,{"stream_name":"stderr","time":85.582670254,"data":"CUDA Graph id 56 reused\n"}
,{"stream_name":"stderr","time":85.597159564,"data":"CUDA Graph id 55 reused\n"}
,{"stream_name":"stderr","time":85.597588178,"data":"CUDA Graph id 56 reused\n"}
,{"stream_name":"stderr","time":85.612101829,"data":"CUDA Graph id 55 reused\n"}
,{"stream_name":"stderr","time":85.612514429,"data":"CUDA Graph id 56 reused\n"}
,{"stream_name":"stderr","time":85.627030094,"data":"CUDA Graph id 55 reused\n"}
,{"stream_name":"stderr","time":85.627454859,"data":"CUDA Graph id 56 reused\n"}
,{"stream_name":"stderr","time":85.642002256,"data":"CUDA Graph id 55 reused\n"}
,{"stream_name":"stderr","time":85.642284149,"data":"CUDA Graph id 56 reused\n"}
,{"stream_name":"stderr","time":85.656799466,"data":"CUDA Graph id 55 reused\n"}
,{"stream_name":"stderr","time":85.657261219,"data":"CUDA Graph id 56 reused\n"}
,{"stream_name":"stderr","time":85.67179593,"data":"CUDA Graph id 55 reused\n"}
,{"stream_name":"stderr","time":85.672329887,"data":"CUDA Graph id 56 reused\n"}
,{"stream_name":"stderr","time":85.686696846,"data":"CUDA Graph id 55 reused\n"}
,{"stream_name":"stderr","time":85.687090099,"data":"CUDA Graph id 56 reused\n"}
,{"stream_name":"stderr","time":85.701597805,"data":"CUDA Graph id 55 reused\n"}
,{"stream_name":"stderr","time":85.702025773,"data":"CUDA Graph id 56 reused\n"}
,{"stream_name":"stderr","time":85.716651801,"data":"CUDA Graph id 55 reused\n"}
,{"stream_name":"stderr","time":85.717082838,"data":"CUDA Graph id 56 reused\n"}
,{"stream_name":"stderr","time":85.731575125,"data":"CUDA Graph id 55 reused\n"}
,{"stream_name":"stderr","time":85.732112015,"data":"CUDA Graph id 56 reused\n"}
,{"stream_name":"stderr","time":85.746500942,"data":"CUDA Graph id 55 reused\n"}
,{"stream_name":"stderr","time":85.746944787,"data":"CUDA Graph id 56 reused\n"}
,{"stream_name":"stderr","time":85.761418403,"data":"CUDA Graph id 55 reused\n"}
,{"stream_name":"stderr","time":85.761912001,"data":"CUDA Graph id 56 reused\n"}
,{"stream_name":"stderr","time":85.77649341,"data":"CUDA Graph id 55 reused\n"}
,{"stream_name":"stderr","time":85.776881626,"data":"CUDA Graph id 56 reused\n"}
,{"stream_name":"stderr","time":85.791587446,"data":"CUDA Graph id 55 reused\n"}
,{"stream_name":"stderr","time":85.79205281,"data":"CUDA Graph id 56 reused\n"}
,{"stream_name":"stderr","time":85.806541333,"data":"CUDA Graph id 55 reused\n"}
,{"stream_name":"stderr","time":85.806959559,"data":"CUDA Graph id 56 reused\n"}
,{"stream_name":"stderr","time":85.821459134,"data":"CUDA Graph id 55 reused\n"}
,{"stream_name":"stderr","time":85.821866694,"data":"CUDA Graph id 56 reused\n"}
,{"stream_name":"stderr","time":85.836544444,"data":"CUDA Graph id 55 reused\n"}
,{"stream_name":"stderr","time":85.837005379,"data":"CUDA Graph id 56 reused\n"}
,{"stream_name":"stderr","time":85.851516572,"data":"CUDA Graph id 55 reused\n"}
,{"stream_name":"stderr","time":85.851967885,"data":"CUDA Graph id 56 reused\n"}
,{"stream_name":"stderr","time":85.866517463,"data":"CUDA Graph id 55 reused\n"}
,{"stream_name":"stderr","time":85.866838755,"data":"CUDA Graph id 56 reused\n"}
,{"stream_name":"stderr","time":85.881348291,"data":"CUDA Graph id 55 reused\n"}
,{"stream_name":"stderr","time":85.881760721,"data":"CUDA Graph id 56 reused\n"}
,{"stream_name":"stderr","time":85.896325673,"data":"CUDA Graph id 55 reused\n"}
,{"stream_name":"stderr","time":85.896730104,"data":"CUDA Graph id 56 reused\n"}
,{"stream_name":"stderr","time":85.911351911,"data":"CUDA Graph id 55 reused\n"}
,{"stream_name":"stderr","time":85.911770005,"data":"CUDA Graph id 56 reused\n"}
,{"stream_name":"stderr","time":85.926300959,"data":"CUDA Graph id 55 reused\n"}
,{"stream_name":"stderr","time":85.92666017,"data":"CUDA Graph id 56 reused\n"}
,{"stream_name":"stderr","time":85.941274148,"data":"CUDA Graph id 55 reused\n"}
,{"stream_name":"stderr","time":85.941616491,"data":"CUDA Graph id 56 reused\n"}
,{"stream_name":"stderr","time":85.956169578,"data":"CUDA Graph id 55 reused\n"}
,{"stream_name":"stderr","time":85.956540498,"data":"CUDA Graph id 56 reused\n"}
,{"stream_name":"stderr","time":85.971130271,"data":"CUDA Graph id 55 reused\n"}
,{"stream_name":"stderr","time":85.971569984,"data":"CUDA Graph id 56 reused\n"}
,{"stream_name":"stderr","time":85.986091077,"data":"CUDA Graph id 55 reused\n"}
,{"stream_name":"stderr","time":85.986439837,"data":"CUDA Graph id 56 reused\n"}
,{"stream_name":"stderr","time":86.001125319,"data":"CUDA Graph id 55 reused\n"}
,{"stream_name":"stderr","time":86.001452897,"data":"CUDA Graph id 56 reused\n"}
,{"stream_name":"stderr","time":86.016620532,"data":"CUDA Graph id 55 reused\n"}
,{"stream_name":"stderr","time":86.016661363,"data":"CUDA Graph id 56 reused\n"}
,{"stream_name":"stderr","time":86.03112434,"data":"CUDA Graph id 55 reused\n"}
,{"stream_name":"stderr","time":86.031463585,"data":"CUDA Graph id 56 reused\n"}
,{"stream_name":"stderr","time":86.045950252,"data":"CUDA Graph id 55 reused\n"}
,{"stream_name":"stderr","time":86.046352867,"data":"CUDA Graph id 56 reused\n"}
,{"stream_name":"stderr","time":86.061051508,"data":"CUDA Graph id 55 reused\n"}
,{"stream_name":"stderr","time":86.061448512,"data":"CUDA Graph id 56 reused\n"}
,{"stream_name":"stderr","time":86.076180565,"data":"CUDA Graph id 55 reused\n"}
,{"stream_name":"stderr","time":86.076521304,"data":"CUDA Graph id 56 reused\n"}
,{"stream_name":"stderr","time":86.09119819,"data":"CUDA Graph id 55 reused\n"}
,{"stream_name":"stderr","time":86.091590971,"data":"CUDA Graph id 56 reused\n"}
,{"stream_name":"stderr","time":86.106195017,"data":"CUDA Graph id 55 reused\n"}
,{"stream_name":"stderr","time":86.106555243,"data":"CUDA Graph id 56 reused\n"}
,{"stream_name":"stderr","time":86.121287691,"data":"CUDA Graph id 55 reused\n"}
,{"stream_name":"stderr","time":86.12159575,"data":"CUDA Graph id 56 reused\n"}
,{"stream_name":"stderr","time":86.136220156,"data":"CUDA Graph id 55 reused\n"}
,{"stream_name":"stderr","time":86.136576865,"data":"CUDA Graph id 56 reused\n"}
,{"stream_name":"stderr","time":86.151317484,"data":"CUDA Graph id 55 reused\n"}
,{"stream_name":"stderr","time":86.151674224,"data":"CUDA Graph id 56 reused\n"}
,{"stream_name":"stderr","time":86.166276577,"data":"CUDA Graph id 55 reused\n"}
,{"stream_name":"stderr","time":86.16663128,"data":"CUDA Graph id 56 reused\n"}
,{"stream_name":"stderr","time":86.181212166,"data":"CUDA Graph id 55 reused\n"}
,{"stream_name":"stderr","time":86.181604557,"data":"CUDA Graph id 56 reused\n"}
,{"stream_name":"stderr","time":86.196264347,"data":"CUDA Graph id 55 reused\n"}
,{"stream_name":"stderr","time":86.196648775,"data":"CUDA Graph id 56 reused\n"}
,{"stream_name":"stderr","time":86.211383475,"data":"CUDA Graph id 55 reused\n"}
,{"stream_name":"stderr","time":86.211681596,"data":"CUDA Graph id 56 reused\n"}
,{"stream_name":"stderr","time":86.226235017,"data":"CUDA Graph id 55 reused\n"}
,{"stream_name":"stderr","time":86.227020814,"data":"CUDA Graph id 56 reused\n"}
,{"stream_name":"stderr","time":86.241674038,"data":"CUDA Graph id 55 reused\n"}
,{"stream_name":"stderr","time":86.242143425,"data":"CUDA Graph id 56 reused\n"}
,{"stream_name":"stderr","time":86.256825212,"data":"CUDA Graph id 55 reused\n"}
,{"stream_name":"stderr","time":86.257115106,"data":"CUDA Graph id 56 reused\n"}
,{"stream_name":"stderr","time":86.271714524,"data":"CUDA Graph id 55 reused\n"}
,{"stream_name":"stderr","time":86.272191615,"data":"CUDA Graph id 56 reused\n"}
,{"stream_name":"stderr","time":86.286854141,"data":"CUDA Graph id 55 reused\n"}
,{"stream_name":"stderr","time":86.287236308,"data":"CUDA Graph id 56 reused\n"}
,{"stream_name":"stderr","time":86.301847991,"data":"CUDA Graph id 55 reused\n"}
,{"stream_name":"stderr","time":86.302339397,"data":"CUDA Graph id 56 reused\n"}
,{"stream_name":"stderr","time":86.316915848,"data":"CUDA Graph id 55 reused\n"}
,{"stream_name":"stderr","time":86.317351483,"data":"CUDA Graph id 56 reused\n"}
,{"stream_name":"stderr","time":86.332001391,"data":"CUDA Graph id 55 reused\n"}
,{"stream_name":"stderr","time":86.332439019,"data":"CUDA Graph id 56 reused\n"}
,{"stream_name":"stderr","time":86.34735787,"data":"CUDA Graph id 55 reused\n"}
,{"stream_name":"stderr","time":86.347390117,"data":"CUDA Graph id 56 reused\n"}
,{"stream_name":"stderr","time":86.362074706,"data":"CUDA Graph id 55 reused\n"}
,{"stream_name":"stderr","time":86.362545994,"data":"CUDA Graph id 56 reused\n"}
,{"stream_name":"stderr","time":86.377113869,"data":"CUDA Graph id 55 reused\n"}
,{"stream_name":"stderr","time":86.377553202,"data":"CUDA Graph id 56 reused\n"}
,{"stream_name":"stderr","time":86.392162231,"data":"CUDA Graph id 55 reused\n"}
,{"stream_name":"stderr","time":86.392584409,"data":"CUDA Graph id 56 reused\n"}
,{"stream_name":"stderr","time":86.407242358,"data":"CUDA Graph id 55 reused\n"}
,{"stream_name":"stderr","time":86.407655252,"data":"CUDA Graph id 56 reused\n"}
,{"stream_name":"stderr","time":86.422238519,"data":"CUDA Graph id 55 reused\n"}
,{"stream_name":"stderr","time":86.422666923,"data":"CUDA Graph id 56 reused\n"}
,{"stream_name":"stderr","time":86.437257798,"data":"CUDA Graph id 55 reused\n"}
,{"stream_name":"stderr","time":86.437737263,"data":"CUDA Graph id 56 reused\n"}
,{"stream_name":"stderr","time":86.452236071,"data":"CUDA Graph id 55 reused\n"}
,{"stream_name":"stderr","time":86.452765037,"data":"CUDA Graph id 56 reused\n"}
,{"stream_name":"stderr","time":86.46754868,"data":"CUDA Graph id 55 reused\n"}
,{"stream_name":"stderr","time":86.468278627,"data":"CUDA Graph id 56 reused\n"}
,{"stream_name":"stderr","time":86.482707566,"data":"CUDA Graph id 55 reused\n"}
,{"stream_name":"stderr","time":86.483243105,"data":"CUDA Graph id 56 reused\n"}
,{"stream_name":"stderr","time":86.497809381,"data":"CUDA Graph id 55 reused\n"}
,{"stream_name":"stderr","time":86.498257364,"data":"CUDA Graph id 56 reused\n"}
,{"stream_name":"stderr","time":86.513410421,"data":"CUDA Graph id 55 reused\n"}
,{"stream_name":"stderr","time":86.513451456,"data":"CUDA Graph id 56 reused\n"}
,{"stream_name":"stderr","time":86.527934087,"data":"CUDA Graph id 55 reused\n"}
,{"stream_name":"stderr","time":86.528337316,"data":"CUDA Graph id 56 reused\n"}
,{"stream_name":"stderr","time":86.542902671,"data":"CUDA Graph id 55 reused\n"}
,{"stream_name":"stderr","time":86.543363193,"data":"CUDA Graph id 56 reused\n"}
,{"stream_name":"stderr","time":86.557862484,"data":"CUDA Graph id 55 reused\n"}
,{"stream_name":"stderr","time":86.558360933,"data":"CUDA Graph id 56 reused\n"}
,{"stream_name":"stderr","time":86.57293846,"data":"CUDA Graph id 55 reused\n"}
,{"stream_name":"stderr","time":86.573406403,"data":"CUDA Graph id 56 reused\n"}
,{"stream_name":"stderr","time":86.588138691,"data":"CUDA Graph id 55 reused\n"}
,{"stream_name":"stderr","time":86.588588828,"data":"CUDA Graph id 56 reused\n"}
,{"stream_name":"stderr","time":86.603292306,"data":"CUDA Graph id 55 reused\n"}
,{"stream_name":"stderr","time":86.603808622,"data":"CUDA Graph id 56 reused\n"}
,{"stream_name":"stderr","time":86.618434432,"data":"CUDA Graph id 55 reused\n"}
,{"stream_name":"stderr","time":86.618925519,"data":"CUDA Graph id 56 reused\n"}
,{"stream_name":"stderr","time":86.633481596,"data":"CUDA Graph id 55 reused\n"}
,{"stream_name":"stderr","time":86.63397109900001,"data":"CUDA Graph id 56 reused\n"}
,{"stream_name":"stderr","time":86.64863299699999,"data":"CUDA Graph id 55 reused\n"}
,{"stream_name":"stderr","time":86.649159402,"data":"CUDA Graph id 56 reused\n"}
,{"stream_name":"stderr","time":86.663664855,"data":"CUDA Graph id 55 reused\n"}
,{"stream_name":"stderr","time":86.664124797,"data":"CUDA Graph id 56 reused\n"}
,{"stream_name":"stderr","time":86.679396945,"data":"CUDA Graph id 55 reused\n"}
,{"stream_name":"stderr","time":86.679435299,"data":"CUDA Graph id 56 reused\n"}
,{"stream_name":"stderr","time":86.693908703,"data":"CUDA Graph id 55 reused\n"}
,{"stream_name":"stderr","time":86.694284894,"data":"CUDA Graph id 56 reused\n"}
,{"stream_name":"stderr","time":86.709006145,"data":"CUDA Graph id 55 reused\n"}
,{"stream_name":"stderr","time":86.709399734,"data":"CUDA Graph id 56 reused\n"}
,{"stream_name":"stderr","time":86.724179489,"data":"CUDA Graph id 55 reused\n"}
,{"stream_name":"stderr","time":86.724520221,"data":"CUDA Graph id 56 reused\n"}
,{"stream_name":"stderr","time":86.739177169,"data":"CUDA Graph id 55 reused\n"}
,{"stream_name":"stderr","time":86.739667231,"data":"CUDA Graph id 56 reused\n"}
,{"stream_name":"stderr","time":86.754161894,"data":"CUDA Graph id 55 reused\n"}
,{"stream_name":"stderr","time":86.754512709,"data":"CUDA Graph id 56 reused\n"}
,{"stream_name":"stderr","time":86.76929052,"data":"CUDA Graph id 55 reused\n"}
,{"stream_name":"stderr","time":86.769671795,"data":"CUDA Graph id 56 reused\n"}
,{"stream_name":"stderr","time":86.784450869,"data":"CUDA Graph id 55 reused\n"}
,{"stream_name":"stderr","time":86.784847596,"data":"CUDA Graph id 56 reused\n"}
,{"stream_name":"stderr","time":86.799512029,"data":"CUDA Graph id 55 reused\n"}
,{"stream_name":"stderr","time":86.799908091,"data":"CUDA Graph id 56 reused\n"}
,{"stream_name":"stderr","time":86.814999842,"data":"CUDA Graph id 55 reused\n"}
,{"stream_name":"stderr","time":86.815054185,"data":"CUDA Graph id 56 reused\n"}
,{"stream_name":"stderr","time":86.829574851,"data":"CUDA Graph id 55 reused\n"}
,{"stream_name":"stderr","time":86.830046142,"data":"CUDA Graph id 56 reused\n"}
,{"stream_name":"stderr","time":86.8446945,"data":"CUDA Graph id 55 reused\n"}
,{"stream_name":"stderr","time":86.845148198,"data":"CUDA Graph id 56 reused\n"}
,{"stream_name":"stderr","time":86.859800323,"data":"CUDA Graph id 55 reused\n"}
,{"stream_name":"stderr","time":86.860181411,"data":"CUDA Graph id 56 reused\n"}
,{"stream_name":"stderr","time":86.874880511,"data":"CUDA Graph id 55 reused\n"}
,{"stream_name":"stderr","time":86.875431666,"data":"CUDA Graph id 56 reused\n"}
,{"stream_name":"stderr","time":86.89002578,"data":"CUDA Graph id 55 reused\n"}
,{"stream_name":"stderr","time":86.890494861,"data":"CUDA Graph id 56 reused\n"}
,{"stream_name":"stderr","time":86.905264302,"data":"CUDA Graph id 55 reused\n"}
,{"stream_name":"stderr","time":86.90569911,"data":"CUDA Graph id 56 reused\n"}
,{"stream_name":"stderr","time":86.920369542,"data":"CUDA Graph id 55 reused\n"}
,{"stream_name":"stderr","time":86.920765416,"data":"CUDA Graph id 56 reused\n"}
,{"stream_name":"stderr","time":86.93547252,"data":"CUDA Graph id 55 reused\n"}
,{"stream_name":"stderr","time":86.935942519,"data":"CUDA Graph id 56 reused\n"}
,{"stream_name":"stderr","time":86.950662685,"data":"CUDA Graph id 55 reused\n"}
,{"stream_name":"stderr","time":86.951041491,"data":"CUDA Graph id 56 reused\n"}
,{"stream_name":"stderr","time":86.965741463,"data":"CUDA Graph id 55 reused\n"}
,{"stream_name":"stderr","time":86.966111453,"data":"CUDA Graph id 56 reused\n"}
,{"stream_name":"stderr","time":86.98091071,"data":"CUDA Graph id 55 reused\n"}
,{"stream_name":"stderr","time":86.981290785,"data":"CUDA Graph id 56 reused\n"}
,{"stream_name":"stderr","time":86.996018781,"data":"CUDA Graph id 55 reused\n"}
,{"stream_name":"stderr","time":86.996423772,"data":"CUDA Graph id 56 reused\n"}
,{"stream_name":"stderr","time":87.011336481,"data":"CUDA Graph id 55 reused\n"}
,{"stream_name":"stderr","time":87.011657986,"data":"CUDA Graph id 56 reused\n"}
,{"stream_name":"stderr","time":87.026405704,"data":"CUDA Graph id 55 reused\n"}
,{"stream_name":"stderr","time":87.026775342,"data":"CUDA Graph id 56 reused\n"}
,{"stream_name":"stderr","time":87.041598152,"data":"CUDA Graph id 55 reused\n"}
,{"stream_name":"stderr","time":87.042005636,"data":"CUDA Graph id 56 reused\n"}
,{"stream_name":"stderr","time":87.056647633,"data":"CUDA Graph id 55 reused\n"}
,{"stream_name":"stderr","time":87.057063575,"data":"CUDA Graph id 56 reused\n"}
,{"stream_name":"stderr","time":87.071697726,"data":"CUDA Graph id 55 reused\n"}
,{"stream_name":"stderr","time":87.072144572,"data":"CUDA Graph id 56 reused\n"}
,{"stream_name":"stderr","time":87.086802431,"data":"CUDA Graph id 55 reused\n"}
,{"stream_name":"stderr","time":87.087269515,"data":"CUDA Graph id 56 reused\n"}
,{"stream_name":"stderr","time":87.101893306,"data":"CUDA Graph id 55 reused\n"}
,{"stream_name":"stderr","time":87.102313684,"data":"CUDA Graph id 56 reused\n"}
,{"stream_name":"stderr","time":87.117067926,"data":"CUDA Graph id 55 reused\n"}
,{"stream_name":"stderr","time":87.117419244,"data":"CUDA Graph id 56 reused\n"}
,{"stream_name":"stderr","time":87.132287908,"data":"CUDA Graph id 55 reused\n"}
,{"stream_name":"stderr","time":87.132871187,"data":"CUDA Graph id 56 reused\n"}
,{"stream_name":"stderr","time":87.147450858,"data":"CUDA Graph id 55 reused\n"}
,{"stream_name":"stderr","time":87.147888342,"data":"CUDA Graph id 56 reused\n"}
,{"stream_name":"stderr","time":87.162562888,"data":"CUDA Graph id 55 reused\n"}
,{"stream_name":"stderr","time":87.163055982,"data":"CUDA Graph id 56 reused\n"}
,{"stream_name":"stderr","time":87.177739333,"data":"CUDA Graph id 55 reused\n"}
,{"stream_name":"stderr","time":87.178167132,"data":"CUDA Graph id 56 reused\n"}
,{"stream_name":"stderr","time":87.193030657,"data":"CUDA Graph id 55 reused\n"}
,{"stream_name":"stderr","time":87.193402888,"data":"CUDA Graph id 56 reused\n"}
,{"stream_name":"stderr","time":87.208115213,"data":"CUDA Graph id 55 reused\n"}
,{"stream_name":"stderr","time":87.208514066,"data":"CUDA Graph id 56 reused\n"}
,{"stream_name":"stderr","time":87.223348435,"data":"CUDA Graph id 55 reused\n"}
,{"stream_name":"stderr","time":87.223699198,"data":"CUDA Graph id 56 reused\n"}
,{"stream_name":"stderr","time":87.238465043,"data":"CUDA Graph id 55 reused\n"}
,{"stream_name":"stderr","time":87.238914343,"data":"CUDA Graph id 56 reused\n"}
,{"stream_name":"stderr","time":87.253746542,"data":"CUDA Graph id 55 reused\n"}
,{"stream_name":"stderr","time":87.254168445,"data":"CUDA Graph id 56 reused\n"}
,{"stream_name":"stderr","time":87.269019007,"data":"CUDA Graph id 55 reused\n"}
,{"stream_name":"stderr","time":87.269520462,"data":"CUDA Graph id 56 reused\n"}
,{"stream_name":"stderr","time":87.284221866,"data":"CUDA Graph id 55 reused\n"}
,{"stream_name":"stderr","time":87.28466057,"data":"CUDA Graph id 56 reused\n"}
,{"stream_name":"stderr","time":87.299499078,"data":"CUDA Graph id 55 reused\n"}
,{"stream_name":"stderr","time":87.299962522,"data":"CUDA Graph id 56 reused\n"}
,{"stream_name":"stderr","time":87.314745337,"data":"CUDA Graph id 55 reused\n"}
,{"stream_name":"stderr","time":87.315131426,"data":"CUDA Graph id 56 reused\n"}
,{"stream_name":"stderr","time":87.32992954,"data":"CUDA Graph id 55 reused\n"}
,{"stream_name":"stderr","time":87.330316966,"data":"CUDA Graph id 56 reused\n"}
,{"stream_name":"stderr","time":87.345122166,"data":"CUDA Graph id 55 reused\n"}
,{"stream_name":"stderr","time":87.345477386,"data":"CUDA Graph id 56 reused\n"}
,{"stream_name":"stderr","time":87.360294652,"data":"CUDA Graph id 55 reused\n"}
,{"stream_name":"stderr","time":87.360606647,"data":"CUDA Graph id 56 reused\n"}
,{"stream_name":"stderr","time":87.375728277,"data":"CUDA Graph id 55 reused\n"}
,{"stream_name":"stderr","time":87.376202022,"data":"CUDA Graph id 56 reused\n"}
,{"stream_name":"stderr","time":87.390936701,"data":"CUDA Graph id 55 reused\n"}
,{"stream_name":"stderr","time":87.39137898,"data":"CUDA Graph id 56 reused\n"}
,{"stream_name":"stderr","time":87.408045383,"data":"ggml_backend_cuda_graph_compute: CUDA graph warmup reset\n"}
,{"stream_name":"stderr","time":87.410664531,"data":"ggml_backend_cuda_graph_compute: CUDA graph warmup reset\n"}
,{"stream_name":"stderr","time":87.424247993,"data":"CUDA Graph id 59 reused\n"}
,{"stream_name":"stderr","time":87.424285296,"data":"ggml_backend_cuda_graph_compute: CUDA graph warmup complete\n"}
,{"stream_name":"stderr","time":87.426446869,"data":"CUDA Graph id 60 reused\n"}
,{"stream_name":"stderr","time":87.426474385,"data":"ggml_backend_cuda_graph_compute: CUDA graph warmup complete\n"}
,{"stream_name":"stderr","time":87.442322409,"data":"CUDA Graph id 59 reused\n"}
,{"stream_name":"stderr","time":87.442695769,"data":"CUDA Graph id 60 reused\n"}
,{"stream_name":"stderr","time":87.458698433,"data":"CUDA Graph id 59 reused\n"}
,{"stream_name":"stderr","time":87.459110847,"data":"CUDA Graph id 60 reused\n"}
,{"stream_name":"stderr","time":87.475084693,"data":"CUDA Graph id 59 reused\n"}
,{"stream_name":"stderr","time":87.475494113,"data":"CUDA Graph id 60 reused\n"}
,{"stream_name":"stderr","time":87.491446701,"data":"CUDA Graph id 59 reused\n"}
,{"stream_name":"stderr","time":87.491851079,"data":"CUDA Graph id 60 reused\n"}
,{"stream_name":"stderr","time":87.507689989,"data":"CUDA Graph id 59 reused\n"}
,{"stream_name":"stderr","time":87.508165938,"data":"CUDA Graph id 60 reused\n"}
,{"stream_name":"stderr","time":87.523947424,"data":"CUDA Graph id 59 reused\n"}
,{"stream_name":"stderr","time":87.524311266,"data":"CUDA Graph id 60 reused\n"}
,{"stream_name":"stderr","time":87.540348232,"data":"CUDA Graph id 59 reused\n"}
,{"stream_name":"stderr","time":87.540758552,"data":"CUDA Graph id 60 reused\n"}
,{"stream_name":"stderr","time":87.55670228,"data":"CUDA Graph id 59 reused\n"}
,{"stream_name":"stderr","time":87.557185734,"data":"CUDA Graph id 60 reused\n"}
,{"stream_name":"stderr","time":87.573026063,"data":"CUDA Graph id 59 reused\n"}
,{"stream_name":"stderr","time":87.573438418,"data":"CUDA Graph id 60 reused\n"}
,{"stream_name":"stderr","time":87.589519861,"data":"CUDA Graph id 59 reused\n"}
,{"stream_name":"stderr","time":87.589901104,"data":"CUDA Graph id 60 reused\n"}
,{"stream_name":"stderr","time":87.605621719,"data":"CUDA Graph id 59 reused\n"}
,{"stream_name":"stderr","time":87.606077743,"data":"CUDA Graph id 60 reused\n"}
,{"stream_name":"stderr","time":87.621930467,"data":"CUDA Graph id 59 reused\n"}
,{"stream_name":"stderr","time":87.622356638,"data":"CUDA Graph id 60 reused\n"}
,{"stream_name":"stderr","time":87.638289914,"data":"CUDA Graph id 59 reused\n"}
,{"stream_name":"stderr","time":87.638652026,"data":"CUDA Graph id 60 reused\n"}
,{"stream_name":"stderr","time":87.654560846,"data":"CUDA Graph id 59 reused\n"}
,{"stream_name":"stderr","time":87.655000143,"data":"CUDA Graph id 60 reused\n"}
,{"stream_name":"stderr","time":87.671531196,"data":"CUDA Graph id 59 reused\n"}
,{"stream_name":"stderr","time":87.6720431,"data":"CUDA Graph id 60 reused\n"}
,{"stream_name":"stderr","time":87.687851423,"data":"CUDA Graph id 59 reused\n"}
,{"stream_name":"stderr","time":87.688291043,"data":"CUDA Graph id 60 reused\n"}
,{"stream_name":"stderr","time":87.70415544,"data":"CUDA Graph id 59 reused\n"}
,{"stream_name":"stderr","time":87.704597737,"data":"CUDA Graph id 60 reused\n"}
,{"stream_name":"stderr","time":87.720587572,"data":"CUDA Graph id 59 reused\n"}
,{"stream_name":"stderr","time":87.721027128,"data":"CUDA Graph id 60 reused\n"}
,{"stream_name":"stderr","time":87.736819488,"data":"CUDA Graph id 59 reused\n"}
,{"stream_name":"stderr","time":87.737214618,"data":"CUDA Graph id 60 reused\n"}
,{"stream_name":"stderr","time":87.753077401,"data":"CUDA Graph id 59 reused\n"}
,{"stream_name":"stderr","time":87.753466089,"data":"CUDA Graph id 60 reused\n"}
,{"stream_name":"stderr","time":87.769381276,"data":"CUDA Graph id 59 reused\n"}
,{"stream_name":"stderr","time":87.769806531,"data":"CUDA Graph id 60 reused\n"}
,{"stream_name":"stderr","time":87.785684081,"data":"CUDA Graph id 59 reused\n"}
,{"stream_name":"stderr","time":87.786251313,"data":"CUDA Graph id 60 reused\n"}
,{"stream_name":"stderr","time":87.80198117,"data":"CUDA Graph id 59 reused\n"}
,{"stream_name":"stderr","time":87.802379005,"data":"CUDA Graph id 60 reused\n"}
,{"stream_name":"stderr","time":87.818267181,"data":"CUDA Graph id 59 reused\n"}
,{"stream_name":"stderr","time":87.818671582,"data":"CUDA Graph id 60 reused\n"}
,{"stream_name":"stderr","time":87.834677754,"data":"CUDA Graph id 59 reused\n"}
,{"stream_name":"stderr","time":87.835132431,"data":"CUDA Graph id 60 reused\n"}
,{"stream_name":"stderr","time":87.851034615,"data":"CUDA Graph id 59 reused\n"}
,{"stream_name":"stderr","time":87.851415069,"data":"CUDA Graph id 60 reused\n"}
,{"stream_name":"stderr","time":87.867297205,"data":"CUDA Graph id 59 reused\n"}
,{"stream_name":"stderr","time":87.867677428,"data":"CUDA Graph id 60 reused\n"}
,{"stream_name":"stderr","time":87.883773352,"data":"CUDA Graph id 59 reused\n"}
,{"stream_name":"stderr","time":87.884114355,"data":"CUDA Graph id 60 reused\n"}
,{"stream_name":"stderr","time":87.90011249,"data":"CUDA Graph id 59 reused\n"}
,{"stream_name":"stderr","time":87.900506209,"data":"CUDA Graph id 60 reused\n"}
,{"stream_name":"stderr","time":87.916498531,"data":"CUDA Graph id 59 reused\n"}
,{"stream_name":"stderr","time":87.916953408,"data":"CUDA Graph id 60 reused\n"}
,{"stream_name":"stderr","time":87.932973953,"data":"CUDA Graph id 59 reused\n"}
,{"stream_name":"stderr","time":87.933288043,"data":"CUDA Graph id 60 reused\n"}
,{"stream_name":"stderr","time":87.949159048,"data":"CUDA Graph id 59 reused\n"}
,{"stream_name":"stderr","time":87.949549173,"data":"CUDA Graph id 60 reused\n"}
,{"stream_name":"stderr","time":87.965529525,"data":"CUDA Graph id 59 reused\n"}
,{"stream_name":"stderr","time":87.965977546,"data":"CUDA Graph id 60 reused\n"}
,{"stream_name":"stderr","time":87.981850318,"data":"CUDA Graph id 59 reused\n"}
,{"stream_name":"stderr","time":87.982300928,"data":"CUDA Graph id 60 reused\n"}
,{"stream_name":"stderr","time":87.998318357,"data":"CUDA Graph id 59 reused\n"}
,{"stream_name":"stderr","time":87.998729046,"data":"CUDA Graph id 60 reused\n"}
,{"stream_name":"stderr","time":88.01475401,"data":"CUDA Graph id 59 reused\n"}
,{"stream_name":"stderr","time":88.015172261,"data":"CUDA Graph id 60 reused\n"}
,{"stream_name":"stderr","time":88.030998246,"data":"CUDA Graph id 59 reused\n"}
,{"stream_name":"stderr","time":88.03142567,"data":"CUDA Graph id 60 reused\n"}
,{"stream_name":"stderr","time":88.04735637,"data":"CUDA Graph id 59 reused\n"}
,{"stream_name":"stderr","time":88.047755974,"data":"CUDA Graph id 60 reused\n"}
,{"stream_name":"stderr","time":88.063754234,"data":"CUDA Graph id 59 reused\n"}
,{"stream_name":"stderr","time":88.064168594,"data":"CUDA Graph id 60 reused\n"}
,{"stream_name":"stderr","time":88.080111371,"data":"CUDA Graph id 59 reused\n"}
,{"stream_name":"stderr","time":88.080452965,"data":"CUDA Graph id 60 reused\n"}
,{"stream_name":"stderr","time":88.096491363,"data":"CUDA Graph id 59 reused\n"}
,{"stream_name":"stderr","time":88.096991178,"data":"CUDA Graph id 60 reused\n"}
,{"stream_name":"stderr","time":88.112774878,"data":"CUDA Graph id 59 reused\n"}
,{"stream_name":"stderr","time":88.113228035,"data":"CUDA Graph id 60 reused\n"}
,{"stream_name":"stderr","time":88.129204208,"data":"CUDA Graph id 59 reused\n"}
,{"stream_name":"stderr","time":88.129606772,"data":"CUDA Graph id 60 reused\n"}
,{"stream_name":"stderr","time":88.145532333,"data":"CUDA Graph id 59 reused\n"}
,{"stream_name":"stderr","time":88.146103605,"data":"CUDA Graph id 60 reused\n"}
,{"stream_name":"stderr","time":88.162023061,"data":"CUDA Graph id 59 reused\n"}
,{"stream_name":"stderr","time":88.162405751,"data":"CUDA Graph id 60 reused\n"}
,{"stream_name":"stderr","time":88.17826076,"data":"CUDA Graph id 59 reused\n"}
,{"stream_name":"stderr","time":88.178659104,"data":"CUDA Graph id 60 reused\n"}
,{"stream_name":"stderr","time":88.194628272,"data":"CUDA Graph id 59 reused\n"}
,{"stream_name":"stderr","time":88.195032622,"data":"CUDA Graph id 60 reused\n"}
,{"stream_name":"stderr","time":88.210996018,"data":"CUDA Graph id 59 reused\n"}
,{"stream_name":"stderr","time":88.211433405,"data":"CUDA Graph id 60 reused\n"}
,{"stream_name":"stderr","time":88.227412182,"data":"CUDA Graph id 59 reused\n"}
,{"stream_name":"stderr","time":88.22791487,"data":"CUDA Graph id 60 reused\n"}
,{"stream_name":"stderr","time":88.243866413,"data":"CUDA Graph id 59 reused\n"}
,{"stream_name":"stderr","time":88.244236149,"data":"CUDA Graph id 60 reused\n"}
,{"stream_name":"stderr","time":88.260155727,"data":"CUDA Graph id 59 reused\n"}
,{"stream_name":"stderr","time":88.260533216,"data":"CUDA Graph id 60 reused\n"}
,{"stream_name":"stderr","time":88.276453744,"data":"CUDA Graph id 59 reused\n"}
,{"stream_name":"stderr","time":88.276915235,"data":"CUDA Graph id 60 reused\n"}
,{"stream_name":"stderr","time":88.292865903,"data":"CUDA Graph id 59 reused\n"}
,{"stream_name":"stderr","time":88.293248863,"data":"CUDA Graph id 60 reused\n"}
,{"stream_name":"stderr","time":88.309316049,"data":"CUDA Graph id 59 reused\n"}
,{"stream_name":"stderr","time":88.30970416,"data":"CUDA Graph id 60 reused\n"}
,{"stream_name":"stderr","time":88.325774876,"data":"CUDA Graph id 59 reused\n"}
,{"stream_name":"stderr","time":88.32620672,"data":"CUDA Graph id 60 reused\n"}
,{"stream_name":"stderr","time":88.342196531,"data":"CUDA Graph id 59 reused\n"}
,{"stream_name":"stderr","time":88.342562781,"data":"CUDA Graph id 60 reused\n"}
,{"stream_name":"stderr","time":88.358586133,"data":"CUDA Graph id 59 reused\n"}
,{"stream_name":"stderr","time":88.35900922,"data":"CUDA Graph id 60 reused\n"}
,{"stream_name":"stderr","time":88.375007458,"data":"CUDA Graph id 59 reused\n"}
,{"stream_name":"stderr","time":88.375382951,"data":"CUDA Graph id 60 reused\n"}
,{"stream_name":"stderr","time":88.391575612,"data":"CUDA Graph id 59 reused\n"}
,{"stream_name":"stderr","time":88.392145593,"data":"CUDA Graph id 60 reused\n"}
,{"stream_name":"stderr","time":88.408205015,"data":"CUDA Graph id 59 reused\n"}
,{"stream_name":"stderr","time":88.408654174,"data":"CUDA Graph id 60 reused\n"}
,{"stream_name":"stderr","time":88.424474587,"data":"CUDA Graph id 59 reused\n"}
,{"stream_name":"stderr","time":88.424897191,"data":"CUDA Graph id 60 reused\n"}
,{"stream_name":"stderr","time":88.44091514,"data":"CUDA Graph id 59 reused\n"}
,{"stream_name":"stderr","time":88.441218112,"data":"CUDA Graph id 60 reused\n"}
,{"stream_name":"stderr","time":88.457091752,"data":"CUDA Graph id 59 reused\n"}
,{"stream_name":"stderr","time":88.457477568,"data":"CUDA Graph id 60 reused\n"}
,{"stream_name":"stderr","time":88.473570287,"data":"CUDA Graph id 59 reused\n"}
,{"stream_name":"stderr","time":88.474028459,"data":"CUDA Graph id 60 reused\n"}
,{"stream_name":"stderr","time":88.490047702,"data":"CUDA Graph id 59 reused\n"}
,{"stream_name":"stderr","time":88.490323079,"data":"CUDA Graph id 60 reused\n"}
,{"stream_name":"stderr","time":88.50630589,"data":"CUDA Graph id 59 reused\n"}
,{"stream_name":"stderr","time":88.50676499,"data":"CUDA Graph id 60 reused\n"}
,{"stream_name":"stderr","time":88.522728157,"data":"CUDA Graph id 59 reused\n"}
,{"stream_name":"stderr","time":88.523152631,"data":"CUDA Graph id 60 reused\n"}
,{"stream_name":"stderr","time":88.539072828,"data":"CUDA Graph id 59 reused\n"}
,{"stream_name":"stderr","time":88.539474675,"data":"CUDA Graph id 60 reused\n"}
,{"stream_name":"stderr","time":88.55553565,"data":"CUDA Graph id 59 reused\n"}
,{"stream_name":"stderr","time":88.555982275,"data":"CUDA Graph id 60 reused\n"}
,{"stream_name":"stderr","time":88.571915139,"data":"CUDA Graph id 59 reused\n"}
,{"stream_name":"stderr","time":88.572337996,"data":"CUDA Graph id 60 reused\n"}
,{"stream_name":"stderr","time":88.588373116,"data":"CUDA Graph id 59 reused\n"}
,{"stream_name":"stderr","time":88.58887473,"data":"CUDA Graph id 60 reused\n"}
,{"stream_name":"stderr","time":88.604811686,"data":"CUDA Graph id 59 reused\n"}
,{"stream_name":"stderr","time":88.605324195,"data":"CUDA Graph id 60 reused\n"}
,{"stream_name":"stderr","time":88.621401481,"data":"CUDA Graph id 59 reused\n"}
,{"stream_name":"stderr","time":88.621867336,"data":"CUDA Graph id 60 reused\n"}
,{"stream_name":"stderr","time":88.638040181,"data":"CUDA Graph id 59 reused\n"}
,{"stream_name":"stderr","time":88.638485468,"data":"CUDA Graph id 60 reused\n"}
,{"stream_name":"stderr","time":88.654507896,"data":"CUDA Graph id 59 reused\n"}
,{"stream_name":"stderr","time":88.654958088,"data":"CUDA Graph id 60 reused\n"}
,{"stream_name":"stderr","time":88.671060313,"data":"CUDA Graph id 59 reused\n"}
,{"stream_name":"stderr","time":88.671512391,"data":"CUDA Graph id 60 reused\n"}
,{"stream_name":"stderr","time":88.687596803,"data":"CUDA Graph id 59 reused\n"}
,{"stream_name":"stderr","time":88.688085944,"data":"CUDA Graph id 60 reused\n"}
,{"stream_name":"stderr","time":88.703939739,"data":"CUDA Graph id 59 reused\n"}
,{"stream_name":"stderr","time":88.704406656,"data":"CUDA Graph id 60 reused\n"}
,{"stream_name":"stderr","time":88.720292638,"data":"CUDA Graph id 59 reused\n"}
,{"stream_name":"stderr","time":88.720954041,"data":"CUDA Graph id 60 reused\n"}
,{"stream_name":"stderr","time":88.736608533,"data":"CUDA Graph id 59 reused\n"}
,{"stream_name":"stderr","time":88.737116415,"data":"CUDA Graph id 60 reused\n"}
,{"stream_name":"stderr","time":88.753214623,"data":"CUDA Graph id 59 reused\n"}
,{"stream_name":"stderr","time":88.753696561,"data":"CUDA Graph id 60 reused\n"}
,{"stream_name":"stderr","time":88.769770642,"data":"CUDA Graph id 59 reused\n"}
,{"stream_name":"stderr","time":88.770187334,"data":"CUDA Graph id 60 reused\n"}
,{"stream_name":"stderr","time":88.786236079,"data":"CUDA Graph id 59 reused\n"}
,{"stream_name":"stderr","time":88.786673612,"data":"CUDA Graph id 60 reused\n"}
,{"stream_name":"stderr","time":88.802749256,"data":"CUDA Graph id 59 reused\n"}
,{"stream_name":"stderr","time":88.803260845,"data":"CUDA Graph id 60 reused\n"}
,{"stream_name":"stderr","time":88.819118081,"data":"CUDA Graph id 59 reused\n"}
,{"stream_name":"stderr","time":88.819513034,"data":"CUDA Graph id 60 reused\n"}
,{"stream_name":"stderr","time":88.835642778,"data":"CUDA Graph id 59 reused\n"}
,{"stream_name":"stderr","time":88.836096771,"data":"CUDA Graph id 60 reused\n"}
,{"stream_name":"stderr","time":88.852077197,"data":"CUDA Graph id 59 reused\n"}
,{"stream_name":"stderr","time":88.852451996,"data":"CUDA Graph id 60 reused\n"}
,{"stream_name":"stderr","time":88.86856091,"data":"CUDA Graph id 59 reused\n"}
,{"stream_name":"stderr","time":88.869110358,"data":"CUDA Graph id 60 reused\n"}
,{"stream_name":"stderr","time":88.885005111,"data":"CUDA Graph id 59 reused\n"}
,{"stream_name":"stderr","time":88.885467083,"data":"CUDA Graph id 60 reused\n"}
,{"stream_name":"stderr","time":88.901416284,"data":"CUDA Graph id 59 reused\n"}
,{"stream_name":"stderr","time":88.901863098,"data":"CUDA Graph id 60 reused\n"}
,{"stream_name":"stderr","time":88.917906301,"data":"CUDA Graph id 59 reused\n"}
,{"stream_name":"stderr","time":88.91832217,"data":"CUDA Graph id 60 reused\n"}
,{"stream_name":"stderr","time":88.934382075,"data":"CUDA Graph id 59 reused\n"}
,{"stream_name":"stderr","time":88.934767055,"data":"CUDA Graph id 60 reused\n"}
,{"stream_name":"stderr","time":88.950798044,"data":"CUDA Graph id 59 reused\n"}
,{"stream_name":"stderr","time":88.95117741,"data":"CUDA Graph id 60 reused\n"}
,{"stream_name":"stderr","time":88.967138328,"data":"CUDA Graph id 59 reused\n"}
,{"stream_name":"stderr","time":88.967475961,"data":"CUDA Graph id 60 reused\n"}
,{"stream_name":"stderr","time":88.983549568,"data":"CUDA Graph id 59 reused\n"}
,{"stream_name":"stderr","time":88.983975165,"data":"CUDA Graph id 60 reused\n"}
,{"stream_name":"stderr","time":89.000008967,"data":"CUDA Graph id 59 reused\n"}
,{"stream_name":"stderr","time":89.000359495,"data":"CUDA Graph id 60 reused\n"}
,{"stream_name":"stderr","time":89.016409793,"data":"CUDA Graph id 59 reused\n"}
,{"stream_name":"stderr","time":89.016731013,"data":"CUDA Graph id 60 reused\n"}
,{"stream_name":"stderr","time":89.032685582,"data":"CUDA Graph id 59 reused\n"}
,{"stream_name":"stderr","time":89.033124859,"data":"CUDA Graph id 60 reused\n"}
,{"stream_name":"stderr","time":89.049085978,"data":"CUDA Graph id 59 reused\n"}
,{"stream_name":"stderr","time":89.049458824,"data":"CUDA Graph id 60 reused\n"}
,{"stream_name":"stderr","time":89.065576644,"data":"CUDA Graph id 59 reused\n"}
,{"stream_name":"stderr","time":89.066002801,"data":"CUDA Graph id 60 reused\n"}
,{"stream_name":"stderr","time":89.082129933,"data":"CUDA Graph id 59 reused\n"}
,{"stream_name":"stderr","time":89.082448384,"data":"CUDA Graph id 60 reused\n"}
,{"stream_name":"stderr","time":89.098615922,"data":"CUDA Graph id 59 reused\n"}
,{"stream_name":"stderr","time":89.098989692,"data":"CUDA Graph id 60 reused\n"}
,{"stream_name":"stderr","time":89.115110741,"data":"CUDA Graph id 59 reused\n"}
,{"stream_name":"stderr","time":89.115369728,"data":"CUDA Graph id 60 reused\n"}
,{"stream_name":"stderr","time":89.131363884,"data":"CUDA Graph id 59 reused\n"}
,{"stream_name":"stderr","time":89.13182616,"data":"CUDA Graph id 60 reused\n"}
,{"stream_name":"stderr","time":89.14782899,"data":"CUDA Graph id 59 reused\n"}
,{"stream_name":"stderr","time":89.148214543,"data":"CUDA Graph id 60 reused\n"}
,{"stream_name":"stderr","time":89.164089895,"data":"CUDA Graph id 59 reused\n"}
,{"stream_name":"stderr","time":89.164488878,"data":"CUDA Graph id 60 reused\n"}
,{"stream_name":"stderr","time":89.180656913,"data":"CUDA Graph id 59 reused\n"}
,{"stream_name":"stderr","time":89.181067407,"data":"CUDA Graph id 60 reused\n"}
,{"stream_name":"stderr","time":89.197272196,"data":"CUDA Graph id 59 reused\n"}
,{"stream_name":"stderr","time":89.197523668,"data":"CUDA Graph id 60 reused\n"}
,{"stream_name":"stderr","time":89.213826348,"data":"CUDA Graph id 59 reused\n"}
,{"stream_name":"stderr","time":89.214068121,"data":"CUDA Graph id 60 reused\n"}
,{"stream_name":"stderr","time":89.229986288,"data":"CUDA Graph id 59 reused\n"}
,{"stream_name":"stderr","time":89.230404596,"data":"CUDA Graph id 60 reused\n"}
,{"stream_name":"stderr","time":89.247177945,"data":"CUDA Graph id 59 reused\n"}
,{"stream_name":"stderr","time":89.247225005,"data":"CUDA Graph id 60 reused\n"}
,{"stream_name":"stderr","time":89.263176674,"data":"CUDA Graph id 59 reused\n"}
,{"stream_name":"stderr","time":89.263613328,"data":"CUDA Graph id 60 reused\n"}
,{"stream_name":"stderr","time":89.280420742,"data":"CUDA Graph id 59 reused\n"}
,{"stream_name":"stderr","time":89.280461544,"data":"CUDA Graph id 60 reused\n"}
,{"stream_name":"stderr","time":89.296198242,"data":"CUDA Graph id 59 reused\n"}
,{"stream_name":"stderr","time":89.296622725,"data":"CUDA Graph id 60 reused\n"}
,{"stream_name":"stderr","time":89.312650489,"data":"CUDA Graph id 59 reused\n"}
,{"stream_name":"stderr","time":89.313848084,"data":"CUDA Graph id 60 reused\n"}
,{"stream_name":"stderr","time":89.329187025,"data":"CUDA Graph id 59 reused\n"}
,{"stream_name":"stderr","time":89.329600073,"data":"CUDA Graph id 60 reused\n"}
,{"stream_name":"stderr","time":89.345630507,"data":"CUDA Graph id 59 reused\n"}
,{"stream_name":"stderr","time":89.346487137,"data":"CUDA Graph id 60 reused\n"}
,{"stream_name":"stderr","time":89.362137604,"data":"CUDA Graph id 59 reused\n"}
,{"stream_name":"stderr","time":89.362592127,"data":"CUDA Graph id 60 reused\n"}
,{"stream_name":"stderr","time":89.378610597,"data":"CUDA Graph id 59 reused\n"}
,{"stream_name":"stderr","time":89.379629605,"data":"CUDA Graph id 60 reused\n"}
,{"stream_name":"stderr","time":89.395100664,"data":"CUDA Graph id 59 reused\n"}
,{"stream_name":"stderr","time":89.395552174,"data":"CUDA Graph id 60 reused\n"}
,{"stream_name":"stderr","time":89.411622255,"data":"CUDA Graph id 59 reused\n"}
,{"stream_name":"stderr","time":89.411999548,"data":"CUDA Graph id 60 reused\n"}
,{"stream_name":"stderr","time":89.428059063,"data":"CUDA Graph id 59 reused\n"}
,{"stream_name":"stderr","time":89.428568565,"data":"CUDA Graph id 60 reused\n"}
,{"stream_name":"stderr","time":89.444522107,"data":"CUDA Graph id 59 reused\n"}
,{"stream_name":"stderr","time":89.444983671,"data":"CUDA Graph id 60 reused\n"}
,{"stream_name":"stderr","time":89.46110427,"data":"CUDA Graph id 59 reused\n"}
,{"stream_name":"stderr","time":89.461426993,"data":"CUDA Graph id 60 reused\n"}
,{"stream_name":"stderr","time":89.477460325,"data":"CUDA Graph id 59 reused\n"}
,{"stream_name":"stderr","time":89.477953636,"data":"CUDA Graph id 60 reused\n"}
,{"stream_name":"stderr","time":89.493931042,"data":"CUDA Graph id 59 reused\n"}
,{"stream_name":"stderr","time":89.494372021,"data":"CUDA Graph id 60 reused\n"}
,{"stream_name":"stderr","time":89.510694572,"data":"CUDA Graph id 59 reused\n"}
,{"stream_name":"stderr","time":89.511182378,"data":"CUDA Graph id 60 reused\n"}
,{"stream_name":"stderr","time":89.52748215,"data":"CUDA Graph id 59 reused\n"}
,{"stream_name":"stderr","time":89.527851606,"data":"CUDA Graph id 60 reused\n"}
,{"stream_name":"stderr","time":89.544057178,"data":"CUDA Graph id 59 reused\n"}
,{"stream_name":"stderr","time":89.544501859,"data":"CUDA Graph id 60 reused\n"}
,{"stream_name":"stderr","time":89.560614457,"data":"CUDA Graph id 59 reused\n"}
,{"stream_name":"stderr","time":89.561112267,"data":"CUDA Graph id 60 reused\n"}
,{"stream_name":"stderr","time":89.577023173,"data":"CUDA Graph id 59 reused\n"}
,{"stream_name":"stderr","time":89.577467,"data":"CUDA Graph id 60 reused\n"}
,{"stream_name":"stderr","time":89.593684394,"data":"CUDA Graph id 59 reused\n"}
,{"stream_name":"stderr","time":89.594133774,"data":"CUDA Graph id 60 reused\n"}
,{"stream_name":"stderr","time":89.610214035,"data":"CUDA Graph id 59 reused\n"}
,{"stream_name":"stderr","time":89.610632678,"data":"CUDA Graph id 60 reused\n"}
,{"stream_name":"stderr","time":89.626685332,"data":"CUDA Graph id 59 reused\n"}
,{"stream_name":"stderr","time":89.627218227,"data":"CUDA Graph id 60 reused\n"}
,{"stream_name":"stderr","time":89.643280117,"data":"CUDA Graph id 59 reused\n"}
,{"stream_name":"stderr","time":89.643754621,"data":"CUDA Graph id 60 reused\n"}
,{"stream_name":"stderr","time":89.659752236,"data":"CUDA Graph id 59 reused\n"}
,{"stream_name":"stderr","time":89.660181582,"data":"CUDA Graph id 60 reused\n"}
,{"stream_name":"stderr","time":89.676839736,"data":"CUDA Graph id 59 reused\n"}
,{"stream_name":"stderr","time":89.67731112,"data":"CUDA Graph id 60 reused\n"}
,{"stream_name":"stderr","time":89.693637598,"data":"CUDA Graph id 59 reused\n"}
,{"stream_name":"stderr","time":89.694109989,"data":"CUDA Graph id 60 reused\n"}
,{"stream_name":"stderr","time":89.710126192,"data":"CUDA Graph id 59 reused\n"}
,{"stream_name":"stderr","time":89.710518862,"data":"CUDA Graph id 60 reused\n"}
,{"stream_name":"stderr","time":89.726791081,"data":"CUDA Graph id 59 reused\n"}
,{"stream_name":"stderr","time":89.727137896,"data":"CUDA Graph id 60 reused\n"}
,{"stream_name":"stderr","time":89.743418938,"data":"CUDA Graph id 59 reused\n"}
,{"stream_name":"stderr","time":89.743807868,"data":"CUDA Graph id 60 reused\n"}
,{"stream_name":"stderr","time":89.760033006,"data":"CUDA Graph id 59 reused\n"}
,{"stream_name":"stderr","time":89.760404343,"data":"CUDA Graph id 60 reused\n"}
,{"stream_name":"stderr","time":89.77635322,"data":"CUDA Graph id 59 reused\n"}
,{"stream_name":"stderr","time":89.776870655,"data":"CUDA Graph id 60 reused\n"}
,{"stream_name":"stderr","time":89.79311222,"data":"CUDA Graph id 59 reused\n"}
,{"stream_name":"stderr","time":89.793616057,"data":"CUDA Graph id 60 reused\n"}
,{"stream_name":"stderr","time":89.809961158,"data":"CUDA Graph id 59 reused\n"}
,{"stream_name":"stderr","time":89.810419267,"data":"CUDA Graph id 60 reused\n"}
,{"stream_name":"stderr","time":89.826579647,"data":"CUDA Graph id 59 reused\n"}
,{"stream_name":"stderr","time":89.827094057,"data":"CUDA Graph id 60 reused\n"}
,{"stream_name":"stderr","time":89.843074888,"data":"CUDA Graph id 59 reused\n"}
,{"stream_name":"stderr","time":89.843505196,"data":"CUDA Graph id 60 reused\n"}
,{"stream_name":"stderr","time":89.85967779,"data":"CUDA Graph id 59 reused\n"}
,{"stream_name":"stderr","time":89.86017471,"data":"CUDA Graph id 60 reused\n"}
,{"stream_name":"stderr","time":89.876370138,"data":"CUDA Graph id 59 reused\n"}
,{"stream_name":"stderr","time":89.876858861,"data":"CUDA Graph id 60 reused\n"}
,{"stream_name":"stderr","time":89.893008059,"data":"CUDA Graph id 59 reused\n"}
,{"stream_name":"stderr","time":89.893490808,"data":"CUDA Graph id 60 reused\n"}
,{"stream_name":"stderr","time":89.90967295,"data":"CUDA Graph id 59 reused\n"}
,{"stream_name":"stderr","time":89.910180461,"data":"CUDA Graph id 60 reused\n"}
,{"stream_name":"stderr","time":89.926270391,"data":"CUDA Graph id 59 reused\n"}
,{"stream_name":"stderr","time":89.926705052,"data":"CUDA Graph id 60 reused\n"}
,{"stream_name":"stderr","time":89.942740171,"data":"CUDA Graph id 59 reused\n"}
,{"stream_name":"stderr","time":89.94320055,"data":"CUDA Graph id 60 reused\n"}
,{"stream_name":"stderr","time":89.959237815,"data":"CUDA Graph id 59 reused\n"}
,{"stream_name":"stderr","time":89.959761145,"data":"CUDA Graph id 60 reused\n"}
,{"stream_name":"stderr","time":89.975845163,"data":"CUDA Graph id 59 reused\n"}
,{"stream_name":"stderr","time":89.976296132,"data":"CUDA Graph id 60 reused\n"}
,{"stream_name":"stderr","time":89.992588368,"data":"CUDA Graph id 59 reused\n"}
,{"stream_name":"stderr","time":89.993089336,"data":"CUDA Graph id 60 reused\n"}
,{"stream_name":"stderr","time":90.009264782,"data":"CUDA Graph id 59 reused\n"}
,{"stream_name":"stderr","time":90.00967421,"data":"CUDA Graph id 60 reused\n"}
,{"stream_name":"stderr","time":90.025981755,"data":"CUDA Graph id 59 reused\n"}
,{"stream_name":"stderr","time":90.026352968,"data":"CUDA Graph id 60 reused\n"}
,{"stream_name":"stderr","time":90.042458056,"data":"CUDA Graph id 59 reused\n"}
,{"stream_name":"stderr","time":90.042809796,"data":"CUDA Graph id 60 reused\n"}
,{"stream_name":"stderr","time":90.058866077,"data":"CUDA Graph id 59 reused\n"}
,{"stream_name":"stderr","time":90.05926814,"data":"CUDA Graph id 60 reused\n"}
,{"stream_name":"stderr","time":90.075535006,"data":"CUDA Graph id 59 reused\n"}
,{"stream_name":"stderr","time":90.0759996,"data":"CUDA Graph id 60 reused\n"}
,{"stream_name":"stderr","time":90.092274863,"data":"CUDA Graph id 59 reused\n"}
,{"stream_name":"stderr","time":90.092758691,"data":"CUDA Graph id 60 reused\n"}
,{"stream_name":"stderr","time":90.108878923,"data":"CUDA Graph id 59 reused\n"}
,{"stream_name":"stderr","time":90.109270795,"data":"CUDA Graph id 60 reused\n"}
,{"stream_name":"stderr","time":90.125330891,"data":"CUDA Graph id 59 reused\n"}
,{"stream_name":"stderr","time":90.125788985,"data":"CUDA Graph id 60 reused\n"}
,{"stream_name":"stderr","time":90.141811788,"data":"CUDA Graph id 59 reused\n"}
,{"stream_name":"stderr","time":90.142236809,"data":"CUDA Graph id 60 reused\n"}
,{"stream_name":"stderr","time":90.158499279,"data":"CUDA Graph id 59 reused\n"}
,{"stream_name":"stderr","time":90.158965521,"data":"CUDA Graph id 60 reused\n"}
,{"stream_name":"stderr","time":90.175156735,"data":"CUDA Graph id 59 reused\n"}
,{"stream_name":"stderr","time":90.175522636,"data":"CUDA Graph id 60 reused\n"}
,{"stream_name":"stderr","time":90.191691413,"data":"CUDA Graph id 59 reused\n"}
,{"stream_name":"stderr","time":90.19212649,"data":"CUDA Graph id 60 reused\n"}
,{"stream_name":"stderr","time":90.208371311,"data":"CUDA Graph id 59 reused\n"}
,{"stream_name":"stderr","time":90.208785661,"data":"CUDA Graph id 60 reused\n"}
,{"stream_name":"stderr","time":90.224795208,"data":"CUDA Graph id 59 reused\n"}
,{"stream_name":"stderr","time":90.225196871,"data":"CUDA Graph id 60 reused\n"}
,{"stream_name":"stderr","time":90.241314524,"data":"CUDA Graph id 59 reused\n"}
,{"stream_name":"stderr","time":90.241675743,"data":"CUDA Graph id 60 reused\n"}
,{"stream_name":"stderr","time":90.258080801,"data":"CUDA Graph id 59 reused\n"}
,{"stream_name":"stderr","time":90.25857048,"data":"CUDA Graph id 60 reused\n"}
,{"stream_name":"stderr","time":90.274878113,"data":"CUDA Graph id 59 reused\n"}
,{"stream_name":"stderr","time":90.275353295,"data":"CUDA Graph id 60 reused\n"}
,{"stream_name":"stderr","time":90.291545609,"data":"CUDA Graph id 59 reused\n"}
,{"stream_name":"stderr","time":90.292038426,"data":"CUDA Graph id 60 reused\n"}
,{"stream_name":"stderr","time":90.308122615,"data":"CUDA Graph id 59 reused\n"}
,{"stream_name":"stderr","time":90.308566203,"data":"CUDA Graph id 60 reused\n"}
,{"stream_name":"stderr","time":90.324634166,"data":"CUDA Graph id 59 reused\n"}
,{"stream_name":"stderr","time":90.325119827,"data":"CUDA Graph id 60 reused\n"}
,{"stream_name":"stderr","time":90.341244538,"data":"CUDA Graph id 59 reused\n"}
,{"stream_name":"stderr","time":90.34169294,"data":"CUDA Graph id 60 reused\n"}
,{"stream_name":"stderr","time":90.358345522,"data":"CUDA Graph id 59 reused\n"}
,{"stream_name":"stderr","time":90.358824435,"data":"CUDA Graph id 60 reused\n"}
,{"stream_name":"stderr","time":90.375057351,"data":"CUDA Graph id 59 reused\n"}
,{"stream_name":"stderr","time":90.375533769,"data":"CUDA Graph id 60 reused\n"}
,{"stream_name":"stderr","time":90.391640953,"data":"CUDA Graph id 59 reused\n"}
,{"stream_name":"stderr","time":90.392100266,"data":"CUDA Graph id 60 reused\n"}
,{"stream_name":"stderr","time":90.408229784,"data":"CUDA Graph id 59 reused\n"}
,{"stream_name":"stderr","time":90.40870129300001,"data":"CUDA Graph id 60 reused\n"}
,{"stream_name":"stderr","time":90.424735825,"data":"CUDA Graph id 59 reused\n"}
,{"stream_name":"stderr","time":90.425299855,"data":"CUDA Graph id 60 reused\n"}
,{"stream_name":"stderr","time":90.441425436,"data":"CUDA Graph id 59 reused\n"}
,{"stream_name":"stderr","time":90.441908333,"data":"CUDA Graph id 60 reused\n"}
,{"stream_name":"stderr","time":90.458238604,"data":"CUDA Graph id 59 reused\n"}
,{"stream_name":"stderr","time":90.458691679,"data":"CUDA Graph id 60 reused\n"}
,{"stream_name":"stderr","time":90.474904961,"data":"CUDA Graph id 59 reused\n"}
,{"stream_name":"stderr","time":90.475332277,"data":"CUDA Graph id 60 reused\n"}
,{"stream_name":"stderr","time":90.49147286,"data":"CUDA Graph id 59 reused\n"}
,{"stream_name":"stderr","time":90.491947869,"data":"CUDA Graph id 60 reused\n"}
,{"stream_name":"stderr","time":90.508053592,"data":"CUDA Graph id 59 reused\n"}
,{"stream_name":"stderr","time":90.508474039,"data":"CUDA Graph id 60 reused\n"}
,{"stream_name":"stderr","time":90.524742932,"data":"CUDA Graph id 59 reused\n"}
,{"stream_name":"stderr","time":90.525263306,"data":"CUDA Graph id 60 reused\n"}
,{"stream_name":"stderr","time":90.541469635,"data":"CUDA Graph id 59 reused\n"}
,{"stream_name":"stderr","time":90.541828744,"data":"CUDA Graph id 60 reused\n"}
,{"stream_name":"stderr","time":90.558205561,"data":"CUDA Graph id 59 reused\n"}
,{"stream_name":"stderr","time":90.558672826,"data":"CUDA Graph id 60 reused\n"}
,{"stream_name":"stderr","time":90.574910718,"data":"CUDA Graph id 59 reused\n"}
,{"stream_name":"stderr","time":90.575432768,"data":"CUDA Graph id 60 reused\n"}
,{"stream_name":"stderr","time":90.591582305,"data":"CUDA Graph id 59 reused\n"}
,{"stream_name":"stderr","time":90.592108018,"data":"CUDA Graph id 60 reused\n"}
,{"stream_name":"stderr","time":90.608153216,"data":"CUDA Graph id 59 reused\n"}
,{"stream_name":"stderr","time":90.608649502,"data":"CUDA Graph id 60 reused\n"}
,{"stream_name":"stderr","time":90.624772627,"data":"CUDA Graph id 59 reused\n"}
,{"stream_name":"stderr","time":90.625283551,"data":"CUDA Graph id 60 reused\n"}
,{"stream_name":"stderr","time":90.64155639,"data":"CUDA Graph id 59 reused\n"}
,{"stream_name":"stderr","time":90.642115042,"data":"CUDA Graph id 60 reused\n"}
,{"stream_name":"stderr","time":90.658542327,"data":"CUDA Graph id 59 reused\n"}
,{"stream_name":"stderr","time":90.659042744,"data":"CUDA Graph id 60 reused\n"}
,{"stream_name":"stderr","time":90.675267934,"data":"CUDA Graph id 59 reused\n"}
,{"stream_name":"stderr","time":90.675750562,"data":"CUDA Graph id 60 reused\n"}
,{"stream_name":"stderr","time":90.691914683,"data":"CUDA Graph id 59 reused\n"}
,{"stream_name":"stderr","time":90.692369045,"data":"CUDA Graph id 60 reused\n"}
,{"stream_name":"stderr","time":90.70849271,"data":"CUDA Graph id 59 reused\n"}
,{"stream_name":"stderr","time":90.708926013,"data":"CUDA Graph id 60 reused\n"}
,{"stream_name":"stderr","time":90.725156309,"data":"CUDA Graph id 59 reused\n"}
,{"stream_name":"stderr","time":90.725579826,"data":"CUDA Graph id 60 reused\n"}
,{"stream_name":"stderr","time":90.74194996,"data":"CUDA Graph id 59 reused\n"}
,{"stream_name":"stderr","time":90.742375917,"data":"CUDA Graph id 60 reused\n"}
,{"stream_name":"stderr","time":90.758638634,"data":"CUDA Graph id 59 reused\n"}
,{"stream_name":"stderr","time":90.759082674,"data":"CUDA Graph id 60 reused\n"}
,{"stream_name":"stderr","time":90.775253709,"data":"CUDA Graph id 59 reused\n"}
,{"stream_name":"stderr","time":90.775655641,"data":"CUDA Graph id 60 reused\n"}
,{"stream_name":"stderr","time":90.791796548,"data":"CUDA Graph id 59 reused\n"}
,{"stream_name":"stderr","time":90.792183187,"data":"CUDA Graph id 60 reused\n"}
,{"stream_name":"stderr","time":90.808265086,"data":"CUDA Graph id 59 reused\n"}
,{"stream_name":"stderr","time":90.808701626,"data":"CUDA Graph id 60 reused\n"}
,{"stream_name":"stderr","time":90.82504227,"data":"CUDA Graph id 59 reused\n"}
,{"stream_name":"stderr","time":90.825517115,"data":"CUDA Graph id 60 reused\n"}
,{"stream_name":"stderr","time":90.841898742,"data":"CUDA Graph id 59 reused\n"}
,{"stream_name":"stderr","time":90.842292854,"data":"CUDA Graph id 60 reused\n"}
,{"stream_name":"stderr","time":90.858581437,"data":"CUDA Graph id 59 reused\n"}
,{"stream_name":"stderr","time":90.859027167,"data":"CUDA Graph id 60 reused\n"}
,{"stream_name":"stderr","time":90.875289115,"data":"CUDA Graph id 59 reused\n"}
,{"stream_name":"stderr","time":90.875725234,"data":"CUDA Graph id 60 reused\n"}
,{"stream_name":"stderr","time":90.891943115,"data":"CUDA Graph id 59 reused\n"}
,{"stream_name":"stderr","time":90.892461871,"data":"CUDA Graph id 60 reused\n"}
,{"stream_name":"stderr","time":90.908531416,"data":"CUDA Graph id 59 reused\n"}
,{"stream_name":"stderr","time":90.909015519,"data":"CUDA Graph id 60 reused\n"}
,{"stream_name":"stderr","time":90.925309934,"data":"CUDA Graph id 59 reused\n"}
,{"stream_name":"stderr","time":90.925784258,"data":"CUDA Graph id 60 reused\n"}
,{"stream_name":"stderr","time":90.942916615,"data":"CUDA Graph id 59 reused\n"}
,{"stream_name":"stderr","time":90.943419126,"data":"CUDA Graph id 60 reused\n"}
,{"stream_name":"stderr","time":90.960184922,"data":"CUDA Graph id 59 reused\n"}
,{"stream_name":"stderr","time":90.960632515,"data":"CUDA Graph id 60 reused\n"}
,{"stream_name":"stderr","time":90.976874141,"data":"CUDA Graph id 59 reused\n"}
,{"stream_name":"stderr","time":90.977325774,"data":"CUDA Graph id 60 reused\n"}
,{"stream_name":"stderr","time":90.993456277,"data":"CUDA Graph id 59 reused\n"}
,{"stream_name":"stderr","time":90.993929452,"data":"CUDA Graph id 60 reused\n"}
,{"stream_name":"stderr","time":91.010045626,"data":"CUDA Graph id 59 reused\n"}
,{"stream_name":"stderr","time":91.010503725,"data":"CUDA Graph id 60 reused\n"}
,{"stream_name":"stderr","time":91.026893903,"data":"CUDA Graph id 59 reused\n"}
,{"stream_name":"stderr","time":91.027266378,"data":"CUDA Graph id 60 reused\n"}
,{"stream_name":"stderr","time":91.043609593,"data":"CUDA Graph id 59 reused\n"}
,{"stream_name":"stderr","time":91.044061158,"data":"CUDA Graph id 60 reused\n"}
,{"stream_name":"stderr","time":91.060275688,"data":"CUDA Graph id 59 reused\n"}
,{"stream_name":"stderr","time":91.060670499,"data":"CUDA Graph id 60 reused\n"}
,{"stream_name":"stderr","time":91.076917948,"data":"CUDA Graph id 59 reused\n"}
,{"stream_name":"stderr","time":91.077270973,"data":"CUDA Graph id 60 reused\n"}
,{"stream_name":"stderr","time":91.093396984,"data":"CUDA Graph id 59 reused\n"}
,{"stream_name":"stderr","time":91.09388676,"data":"CUDA Graph id 60 reused\n"}
,{"stream_name":"stderr","time":91.11000097,"data":"CUDA Graph id 59 reused\n"}
,{"stream_name":"stderr","time":91.110413636,"data":"CUDA Graph id 60 reused\n"}
,{"stream_name":"stderr","time":91.127674673,"data":"CUDA Graph id 59 reused\n"}
,{"stream_name":"stderr","time":91.128180436,"data":"CUDA Graph id 60 reused\n"}
,{"stream_name":"stderr","time":91.144472133,"data":"CUDA Graph id 59 reused\n"}
,{"stream_name":"stderr","time":91.1450225,"data":"CUDA Graph id 60 reused\n"}
,{"stream_name":"stderr","time":91.161107806,"data":"CUDA Graph id 59 reused\n"}
,{"stream_name":"stderr","time":91.161601238,"data":"CUDA Graph id 60 reused\n"}
,{"stream_name":"stderr","time":91.177704998,"data":"CUDA Graph id 59 reused\n"}
,{"stream_name":"stderr","time":91.178186475,"data":"CUDA Graph id 60 reused\n"}
,{"stream_name":"stderr","time":91.194368544,"data":"CUDA Graph id 59 reused\n"}
,{"stream_name":"stderr","time":91.194738295,"data":"CUDA Graph id 60 reused\n"}
,{"stream_name":"stderr","time":91.211080651,"data":"CUDA Graph id 59 reused\n"}
,{"stream_name":"stderr","time":91.211428291,"data":"CUDA Graph id 60 reused\n"}
,{"stream_name":"stderr","time":91.229370082,"data":"CUDA Graph id 59 reused\n"}
,{"stream_name":"stderr","time":91.229808077,"data":"CUDA Graph id 60 reused\n"}
,{"stream_name":"stderr","time":91.247457254,"data":"CUDA Graph id 59 reused\n"}
,{"stream_name":"stderr","time":91.248234425,"data":"CUDA Graph id 60 reused\n"}
,{"stream_name":"stderr","time":91.264466153,"data":"CUDA Graph id 59 reused\n"}
,{"stream_name":"stderr","time":91.265068412,"data":"CUDA Graph id 60 reused\n"}
,{"stream_name":"stderr","time":91.281990243,"data":"CUDA Graph id 59 reused\n"}
,{"stream_name":"stderr","time":91.282467457,"data":"CUDA Graph id 60 reused\n"}
,{"stream_name":"stderr","time":91.298835011,"data":"CUDA Graph id 59 reused\n"}
,{"stream_name":"stderr","time":91.299345868,"data":"CUDA Graph id 60 reused\n"}
,{"stream_name":"stderr","time":91.315851461,"data":"CUDA Graph id 59 reused\n"}
,{"stream_name":"stderr","time":91.316317568,"data":"CUDA Graph id 60 reused\n"}
,{"stream_name":"stderr","time":91.334580222,"data":"CUDA Graph id 59 reused\n"}
,{"stream_name":"stderr","time":91.335132454,"data":"CUDA Graph id 60 reused\n"}
,{"stream_name":"stderr","time":91.351457806,"data":"CUDA Graph id 59 reused\n"}
,{"stream_name":"stderr","time":91.351915971,"data":"CUDA Graph id 60 reused\n"}
,{"stream_name":"stderr","time":91.368391608,"data":"CUDA Graph id 59 reused\n"}
,{"stream_name":"stderr","time":91.368756989,"data":"CUDA Graph id 60 reused\n"}
,{"stream_name":"stderr","time":91.385084547,"data":"CUDA Graph id 59 reused\n"}
,{"stream_name":"stderr","time":91.38545204,"data":"CUDA Graph id 60 reused\n"}
,{"stream_name":"stderr","time":91.40184657,"data":"CUDA Graph id 59 reused\n"}
,{"stream_name":"stderr","time":91.402274691,"data":"CUDA Graph id 60 reused\n"}
,{"stream_name":"stderr","time":91.418485963,"data":"CUDA Graph id 59 reused\n"}
,{"stream_name":"stderr","time":91.418951231,"data":"CUDA Graph id 60 reused\n"}
,{"stream_name":"stderr","time":91.435115073,"data":"CUDA Graph id 59 reused\n"}
,{"stream_name":"stderr","time":91.435472551,"data":"CUDA Graph id 60 reused\n"}
,{"stream_name":"stderr","time":91.453317875,"data":"CUDA Graph id 59 reused\n"}
,{"stream_name":"stderr","time":91.453747359,"data":"CUDA Graph id 60 reused\n"}
,{"stream_name":"stderr","time":91.470242779,"data":"CUDA Graph id 59 reused\n"}
,{"stream_name":"stderr","time":91.470689785,"data":"CUDA Graph id 60 reused\n"}
,{"stream_name":"stderr","time":91.486991894,"data":"CUDA Graph id 59 reused\n"}
,{"stream_name":"stderr","time":91.487406473,"data":"CUDA Graph id 60 reused\n"}
,{"stream_name":"stderr","time":91.503737294,"data":"CUDA Graph id 59 reused\n"}
,{"stream_name":"stderr","time":91.504170361,"data":"CUDA Graph id 60 reused\n"}
,{"stream_name":"stderr","time":91.520507581,"data":"CUDA Graph id 59 reused\n"}
,{"stream_name":"stderr","time":91.520964244,"data":"CUDA Graph id 60 reused\n"}
,{"stream_name":"stderr","time":91.537207006,"data":"CUDA Graph id 59 reused\n"}
,{"stream_name":"stderr","time":91.537689087,"data":"CUDA Graph id 60 reused\n"}
,{"stream_name":"stderr","time":91.554860469,"data":"CUDA Graph id 59 reused\n"}
,{"stream_name":"stderr","time":91.555414132,"data":"CUDA Graph id 60 reused\n"}
,{"stream_name":"stderr","time":91.571781565,"data":"CUDA Graph id 59 reused\n"}
,{"stream_name":"stderr","time":91.572167762,"data":"CUDA Graph id 60 reused\n"}
,{"stream_name":"stderr","time":91.588543573,"data":"CUDA Graph id 59 reused\n"}
,{"stream_name":"stderr","time":91.588982797,"data":"CUDA Graph id 60 reused\n"}
,{"stream_name":"stderr","time":91.605331207,"data":"CUDA Graph id 59 reused\n"}
,{"stream_name":"stderr","time":91.605753208,"data":"CUDA Graph id 60 reused\n"}
,{"stream_name":"stderr","time":91.621930439,"data":"CUDA Graph id 59 reused\n"}
,{"stream_name":"stderr","time":91.622287969,"data":"CUDA Graph id 60 reused\n"}
,{"stream_name":"stderr","time":91.638597221,"data":"CUDA Graph id 59 reused\n"}
,{"stream_name":"stderr","time":91.639049196,"data":"CUDA Graph id 60 reused\n"}
,{"stream_name":"stderr","time":91.656984515,"data":"ggml_backend_cuda_graph_compute: CUDA graph warmup reset\n"}
,{"stream_name":"stderr","time":91.664487187,"data":"ggml_backend_cuda_graph_compute: CUDA graph warmup reset\n"}
,{"stream_name":"stderr","time":91.678621668,"data":"CUDA Graph id 63 reused\n"}
,{"stream_name":"stderr","time":91.678663472,"data":"ggml_backend_cuda_graph_compute: CUDA graph warmup complete\n"}
,{"stream_name":"stderr","time":91.682424776,"data":"CUDA Graph id 64 reused\n"}
,{"stream_name":"stderr","time":91.682461228,"data":"ggml_backend_cuda_graph_compute: CUDA graph warmup complete\n"}
,{"stream_name":"stderr","time":91.6982304,"data":"CUDA Graph id 63 reused\n"}
,{"stream_name":"stderr","time":91.698514801,"data":"CUDA Graph id 64 reused\n"}
,{"stream_name":"stderr","time":91.714095381,"data":"CUDA Graph id 63 reused\n"}
,{"stream_name":"stderr","time":91.714573014,"data":"CUDA Graph id 64 reused\n"}
,{"stream_name":"stderr","time":91.730213425,"data":"CUDA Graph id 63 reused\n"}
,{"stream_name":"stderr","time":91.730643555,"data":"CUDA Graph id 64 reused\n"}
,{"stream_name":"stderr","time":91.746565226,"data":"CUDA Graph id 63 reused\n"}
,{"stream_name":"stderr","time":91.748764845,"data":"CUDA Graph id 64 reused\n"}
,{"stream_name":"stderr","time":91.762700954,"data":"CUDA Graph id 63 reused\n"}
,{"stream_name":"stderr","time":91.76316901,"data":"CUDA Graph id 64 reused\n"}
,{"stream_name":"stderr","time":91.778715405,"data":"CUDA Graph id 63 reused\n"}
,{"stream_name":"stderr","time":91.779193403,"data":"CUDA Graph id 64 reused\n"}
,{"stream_name":"stderr","time":91.794824283,"data":"CUDA Graph id 63 reused\n"}
,{"stream_name":"stderr","time":91.79529996,"data":"CUDA Graph id 64 reused\n"}
,{"stream_name":"stderr","time":91.810986846,"data":"CUDA Graph id 63 reused\n"}
,{"stream_name":"stderr","time":91.811492052,"data":"CUDA Graph id 64 reused\n"}
,{"stream_name":"stderr","time":91.827550789,"data":"CUDA Graph id 63 reused\n"}
,{"stream_name":"stderr","time":91.82814631,"data":"CUDA Graph id 64 reused\n"}
,{"stream_name":"stderr","time":91.843756535,"data":"CUDA Graph id 63 reused\n"}
,{"stream_name":"stderr","time":91.844260129,"data":"CUDA Graph id 64 reused\n"}
,{"stream_name":"stderr","time":91.859929812,"data":"CUDA Graph id 63 reused\n"}
,{"stream_name":"stderr","time":91.86033935,"data":"CUDA Graph id 64 reused\n"}
,{"stream_name":"stderr","time":91.876041087,"data":"CUDA Graph id 63 reused\n"}
,{"stream_name":"stderr","time":91.876573314,"data":"CUDA Graph id 64 reused\n"}
,{"stream_name":"stderr","time":91.892231924,"data":"CUDA Graph id 63 reused\n"}
,{"stream_name":"stderr","time":91.892620458,"data":"CUDA Graph id 64 reused\n"}
,{"stream_name":"stderr","time":91.908291782,"data":"CUDA Graph id 63 reused\n"}
,{"stream_name":"stderr","time":91.908751644,"data":"CUDA Graph id 64 reused\n"}
,{"stream_name":"stderr","time":91.924350457,"data":"CUDA Graph id 63 reused\n"}
,{"stream_name":"stderr","time":91.924816571,"data":"CUDA Graph id 64 reused\n"}
,{"stream_name":"stderr","time":91.94038222,"data":"CUDA Graph id 63 reused\n"}
,{"stream_name":"stderr","time":91.940819469,"data":"CUDA Graph id 64 reused\n"}
,{"stream_name":"stderr","time":91.956571241,"data":"CUDA Graph id 63 reused\n"}
,{"stream_name":"stderr","time":91.957075511,"data":"CUDA Graph id 64 reused\n"}
,{"stream_name":"stderr","time":91.972769219,"data":"CUDA Graph id 63 reused\n"}
,{"stream_name":"stderr","time":91.973163883,"data":"CUDA Graph id 64 reused\n"}
,{"stream_name":"stderr","time":91.988839702,"data":"CUDA Graph id 63 reused\n"}
,{"stream_name":"stderr","time":91.989299159,"data":"CUDA Graph id 64 reused\n"}
,{"stream_name":"stderr","time":92.005816621,"data":"CUDA Graph id 63 reused\n"}
,{"stream_name":"stderr","time":92.012834875,"data":"CUDA Graph id 64 reused\n"}
,{"stream_name":"stderr","time":92.021939769,"data":"CUDA Graph id 63 reused\n"}
,{"stream_name":"stderr","time":92.022427731,"data":"CUDA Graph id 64 reused\n"}
,{"stream_name":"stderr","time":92.038165496,"data":"CUDA Graph id 63 reused\n"}
,{"stream_name":"stderr","time":92.038617684,"data":"CUDA Graph id 64 reused\n"}
,{"stream_name":"stderr","time":92.054294945,"data":"CUDA Graph id 63 reused\n"}
,{"stream_name":"stderr","time":92.054751888,"data":"CUDA Graph id 64 reused\n"}
,{"stream_name":"stderr","time":92.070356768,"data":"CUDA Graph id 63 reused\n"}
,{"stream_name":"stderr","time":92.0708514,"data":"CUDA Graph id 64 reused\n"}
,{"stream_name":"stderr","time":92.086472641,"data":"CUDA Graph id 63 reused\n"}
,{"stream_name":"stderr","time":92.0869753,"data":"CUDA Graph id 64 reused\n"}
,{"stream_name":"stderr","time":92.102505712,"data":"CUDA Graph id 63 reused\n"}
,{"stream_name":"stderr","time":92.102980504,"data":"CUDA Graph id 64 reused\n"}
,{"stream_name":"stderr","time":92.118620601,"data":"CUDA Graph id 63 reused\n"}
,{"stream_name":"stderr","time":92.119125355,"data":"CUDA Graph id 64 reused\n"}
,{"stream_name":"stderr","time":92.13483119,"data":"CUDA Graph id 63 reused\n"}
,{"stream_name":"stderr","time":92.135354272,"data":"CUDA Graph id 64 reused\n"}
,{"stream_name":"stderr","time":92.150973673,"data":"CUDA Graph id 63 reused\n"}
,{"stream_name":"stderr","time":92.15141672,"data":"CUDA Graph id 64 reused\n"}
,{"stream_name":"stderr","time":92.167141705,"data":"CUDA Graph id 63 reused\n"}
,{"stream_name":"stderr","time":92.167575497,"data":"CUDA Graph id 64 reused\n"}
,{"stream_name":"stderr","time":92.183199827,"data":"CUDA Graph id 63 reused\n"}
,{"stream_name":"stderr","time":92.183604627,"data":"CUDA Graph id 64 reused\n"}
,{"stream_name":"stderr","time":92.199282054,"data":"CUDA Graph id 63 reused\n"}
,{"stream_name":"stderr","time":92.199796345,"data":"CUDA Graph id 64 reused\n"}
,{"stream_name":"stderr","time":92.215533706,"data":"CUDA Graph id 63 reused\n"}
,{"stream_name":"stderr","time":92.216019881,"data":"CUDA Graph id 64 reused\n"}
,{"stream_name":"stderr","time":92.231813282,"data":"CUDA Graph id 63 reused\n"}
,{"stream_name":"stderr","time":92.232250246,"data":"CUDA Graph id 64 reused\n"}
,{"stream_name":"stderr","time":92.247940014,"data":"CUDA Graph id 63 reused\n"}
,{"stream_name":"stderr","time":92.248442371,"data":"CUDA Graph id 64 reused\n"}
,{"stream_name":"stderr","time":92.26426105,"data":"CUDA Graph id 63 reused\n"}
,{"stream_name":"stderr","time":92.264751323,"data":"CUDA Graph id 64 reused\n"}
,{"stream_name":"stderr","time":92.280487507,"data":"CUDA Graph id 63 reused\n"}
,{"stream_name":"stderr","time":92.281009326,"data":"CUDA Graph id 64 reused\n"}
,{"stream_name":"stderr","time":92.296779041,"data":"CUDA Graph id 63 reused\n"}
,{"stream_name":"stderr","time":92.297206577,"data":"CUDA Graph id 64 reused\n"}
,{"stream_name":"stderr","time":92.312918636,"data":"CUDA Graph id 63 reused\n"}
,{"stream_name":"stderr","time":92.313367373,"data":"CUDA Graph id 64 reused\n"}
,{"stream_name":"stderr","time":92.32896696,"data":"CUDA Graph id 63 reused\n"}
,{"stream_name":"stderr","time":92.329392121,"data":"CUDA Graph id 64 reused\n"}
,{"stream_name":"stderr","time":92.345009644,"data":"CUDA Graph id 63 reused\n"}
,{"stream_name":"stderr","time":92.345481836,"data":"CUDA Graph id 64 reused\n"}
,{"stream_name":"stderr","time":92.361220763,"data":"CUDA Graph id 63 reused\n"}
,{"stream_name":"stderr","time":92.361634013,"data":"CUDA Graph id 64 reused\n"}
,{"stream_name":"stderr","time":92.377393963,"data":"CUDA Graph id 63 reused\n"}
,{"stream_name":"stderr","time":92.37783258,"data":"CUDA Graph id 64 reused\n"}
,{"stream_name":"stderr","time":92.393533976,"data":"CUDA Graph id 63 reused\n"}
,{"stream_name":"stderr","time":92.39402285,"data":"CUDA Graph id 64 reused\n"}
,{"stream_name":"stderr","time":92.409703705,"data":"CUDA Graph id 63 reused\n"}
,{"stream_name":"stderr","time":92.410163336,"data":"CUDA Graph id 64 reused\n"}
,{"stream_name":"stderr","time":92.425783377,"data":"CUDA Graph id 63 reused\n"}
,{"stream_name":"stderr","time":92.42623537,"data":"CUDA Graph id 64 reused\n"}
,{"stream_name":"stderr","time":92.441988572,"data":"CUDA Graph id 63 reused\n"}
,{"stream_name":"stderr","time":92.44244214,"data":"CUDA Graph id 64 reused\n"}
,{"stream_name":"stderr","time":92.45826202,"data":"CUDA Graph id 63 reused\n"}
,{"stream_name":"stderr","time":92.458750093,"data":"CUDA Graph id 64 reused\n"}
,{"stream_name":"stderr","time":92.474429123,"data":"CUDA Graph id 63 reused\n"}
,{"stream_name":"stderr","time":92.474934646,"data":"CUDA Graph id 64 reused\n"}
,{"stream_name":"stderr","time":92.490564121,"data":"CUDA Graph id 63 reused\n"}
,{"stream_name":"stderr","time":92.491075261,"data":"CUDA Graph id 64 reused\n"}
,{"stream_name":"stderr","time":92.50666394,"data":"CUDA Graph id 63 reused\n"}
,{"stream_name":"stderr","time":92.507128286,"data":"CUDA Graph id 64 reused\n"}
,{"stream_name":"stderr","time":92.522859001,"data":"CUDA Graph id 63 reused\n"}
,{"stream_name":"stderr","time":92.523305511,"data":"CUDA Graph id 64 reused\n"}
,{"stream_name":"stderr","time":92.539071163,"data":"CUDA Graph id 63 reused\n"}
,{"stream_name":"stderr","time":92.53950705,"data":"CUDA Graph id 64 reused\n"}
,{"stream_name":"stderr","time":92.555396195,"data":"CUDA Graph id 63 reused\n"}
,{"stream_name":"stderr","time":92.555854482,"data":"CUDA Graph id 64 reused\n"}
,{"stream_name":"stderr","time":92.571598367,"data":"CUDA Graph id 63 reused\n"}
,{"stream_name":"stderr","time":92.572100634,"data":"CUDA Graph id 64 reused\n"}
,{"stream_name":"stderr","time":92.587771238,"data":"CUDA Graph id 63 reused\n"}
,{"stream_name":"stderr","time":92.58824159,"data":"CUDA Graph id 64 reused\n"}
,{"stream_name":"stderr","time":92.603845474,"data":"CUDA Graph id 63 reused\n"}
,{"stream_name":"stderr","time":92.604284221,"data":"CUDA Graph id 64 reused\n"}
,{"stream_name":"stderr","time":92.62001304,"data":"CUDA Graph id 63 reused\n"}
,{"stream_name":"stderr","time":92.620474534,"data":"CUDA Graph id 64 reused\n"}
,{"stream_name":"stderr","time":92.636212491,"data":"CUDA Graph id 63 reused\n"}
,{"stream_name":"stderr","time":92.636637645,"data":"CUDA Graph id 64 reused\n"}
,{"stream_name":"stderr","time":92.652314358,"data":"CUDA Graph id 63 reused\n"}
,{"stream_name":"stderr","time":92.65269348,"data":"CUDA Graph id 64 reused\n"}
,{"stream_name":"stderr","time":92.668370977,"data":"CUDA Graph id 63 reused\n"}
,{"stream_name":"stderr","time":92.668762495,"data":"CUDA Graph id 64 reused\n"}
,{"stream_name":"stderr","time":92.685907789,"data":"CUDA Graph id 63 reused\n"}
,{"stream_name":"stderr","time":92.686378954,"data":"CUDA Graph id 64 reused\n"}
,{"stream_name":"stderr","time":92.702228492,"data":"CUDA Graph id 63 reused\n"}
,{"stream_name":"stderr","time":92.702590817,"data":"CUDA Graph id 64 reused\n"}
,{"stream_name":"stderr","time":92.718386809,"data":"CUDA Graph id 63 reused\n"}
,{"stream_name":"stderr","time":92.718775709,"data":"CUDA Graph id 64 reused\n"}
,{"stream_name":"stderr","time":92.734524096,"data":"CUDA Graph id 63 reused\n"}
,{"stream_name":"stderr","time":92.735016889,"data":"CUDA Graph id 64 reused\n"}
,{"stream_name":"stderr","time":92.750634061,"data":"CUDA Graph id 63 reused\n"}
,{"stream_name":"stderr","time":92.751059396,"data":"CUDA Graph id 64 reused\n"}
,{"stream_name":"stderr","time":92.766767651,"data":"CUDA Graph id 63 reused\n"}
,{"stream_name":"stderr","time":92.767142094,"data":"CUDA Graph id 64 reused\n"}
,{"stream_name":"stderr","time":92.783035837,"data":"CUDA Graph id 63 reused\n"}
,{"stream_name":"stderr","time":92.783384986,"data":"CUDA Graph id 64 reused\n"}
,{"stream_name":"stderr","time":92.79925807,"data":"CUDA Graph id 63 reused\n"}
,{"stream_name":"stderr","time":92.799588401,"data":"CUDA Graph id 64 reused\n"}
,{"stream_name":"stderr","time":92.815382409,"data":"CUDA Graph id 63 reused\n"}
,{"stream_name":"stderr","time":92.815803425,"data":"CUDA Graph id 64 reused\n"}
,{"stream_name":"stderr","time":92.831637802,"data":"CUDA Graph id 63 reused\n"}
,{"stream_name":"stderr","time":92.832055477,"data":"CUDA Graph id 64 reused\n"}
,{"stream_name":"stderr","time":92.847901479,"data":"CUDA Graph id 63 reused\n"}
,{"stream_name":"stderr","time":92.848261623,"data":"CUDA Graph id 64 reused\n"}
,{"stream_name":"stderr","time":92.864159674,"data":"CUDA Graph id 63 reused\n"}
,{"stream_name":"stderr","time":92.864582108,"data":"CUDA Graph id 64 reused\n"}
,{"stream_name":"stderr","time":92.880457767,"data":"CUDA Graph id 63 reused\n"}
,{"stream_name":"stderr","time":92.880799074,"data":"CUDA Graph id 64 reused\n"}
,{"stream_name":"stderr","time":92.896639024,"data":"CUDA Graph id 63 reused\n"}
,{"stream_name":"stderr","time":92.897020041,"data":"CUDA Graph id 64 reused\n"}
,{"stream_name":"stderr","time":92.912771529,"data":"CUDA Graph id 63 reused\n"}
,{"stream_name":"stderr","time":92.913168814,"data":"CUDA Graph id 64 reused\n"}
,{"stream_name":"stderr","time":92.928900893,"data":"CUDA Graph id 63 reused\n"}
,{"stream_name":"stderr","time":92.929290718,"data":"CUDA Graph id 64 reused\n"}
,{"stream_name":"stderr","time":92.945334855,"data":"CUDA Graph id 63 reused\n"}
,{"stream_name":"stderr","time":92.945632506,"data":"CUDA Graph id 64 reused\n"}
,{"stream_name":"stderr","time":92.961557223,"data":"CUDA Graph id 63 reused\n"}
,{"stream_name":"stderr","time":92.962026835,"data":"CUDA Graph id 64 reused\n"}
,{"stream_name":"stderr","time":92.977760575,"data":"CUDA Graph id 63 reused\n"}
,{"stream_name":"stderr","time":92.978133727,"data":"CUDA Graph id 64 reused\n"}
,{"stream_name":"stderr","time":92.993968571,"data":"CUDA Graph id 63 reused\n"}
,{"stream_name":"stderr","time":92.994371639,"data":"CUDA Graph id 64 reused\n"}
,{"stream_name":"stderr","time":93.010287893,"data":"CUDA Graph id 63 reused\n"}
,{"stream_name":"stderr","time":93.010642465,"data":"CUDA Graph id 64 reused\n"}
,{"stream_name":"stderr","time":93.026732434,"data":"CUDA Graph id 63 reused\n"}
,{"stream_name":"stderr","time":93.027079212,"data":"CUDA Graph id 64 reused\n"}
,{"stream_name":"stderr","time":93.04304946,"data":"CUDA Graph id 63 reused\n"}
,{"stream_name":"stderr","time":93.043477852,"data":"CUDA Graph id 64 reused\n"}
,{"stream_name":"stderr","time":93.059353548,"data":"CUDA Graph id 63 reused\n"}
,{"stream_name":"stderr","time":93.059779999,"data":"CUDA Graph id 64 reused\n"}
,{"stream_name":"stderr","time":93.075591894,"data":"CUDA Graph id 63 reused\n"}
,{"stream_name":"stderr","time":93.076005869,"data":"CUDA Graph id 64 reused\n"}
,{"stream_name":"stderr","time":93.091873387,"data":"CUDA Graph id 63 reused\n"}
,{"stream_name":"stderr","time":93.092224447,"data":"CUDA Graph id 64 reused\n"}
,{"stream_name":"stderr","time":93.108152674,"data":"CUDA Graph id 63 reused\n"}
,{"stream_name":"stderr","time":93.108555174,"data":"CUDA Graph id 64 reused\n"}
,{"stream_name":"stderr","time":93.124398348,"data":"CUDA Graph id 63 reused\n"}
,{"stream_name":"stderr","time":93.124881944,"data":"CUDA Graph id 64 reused\n"}
,{"stream_name":"stderr","time":93.140583229,"data":"CUDA Graph id 63 reused\n"}
,{"stream_name":"stderr","time":93.141047971,"data":"CUDA Graph id 64 reused\n"}
,{"stream_name":"stderr","time":93.156956801,"data":"CUDA Graph id 63 reused\n"}
,{"stream_name":"stderr","time":93.157403248,"data":"CUDA Graph id 64 reused\n"}
,{"stream_name":"stderr","time":93.172929634,"data":"CUDA Graph id 63 reused\n"}
,{"stream_name":"stderr","time":93.173324173,"data":"CUDA Graph id 64 reused\n"}
,{"stream_name":"stderr","time":93.189225963,"data":"CUDA Graph id 63 reused\n"}
,{"stream_name":"stderr","time":93.189600695,"data":"CUDA Graph id 64 reused\n"}
,{"stream_name":"stderr","time":93.205568414,"data":"CUDA Graph id 63 reused\n"}
,{"stream_name":"stderr","time":93.205956867,"data":"CUDA Graph id 64 reused\n"}
,{"stream_name":"stderr","time":93.22178941,"data":"CUDA Graph id 63 reused\n"}
,{"stream_name":"stderr","time":93.222176541,"data":"CUDA Graph id 64 reused\n"}
,{"stream_name":"stderr","time":93.238059538,"data":"CUDA Graph id 63 reused\n"}
,{"stream_name":"stderr","time":93.238419918,"data":"CUDA Graph id 64 reused\n"}
,{"stream_name":"stderr","time":93.254209171,"data":"CUDA Graph id 63 reused\n"}
,{"stream_name":"stderr","time":93.254563414,"data":"CUDA Graph id 64 reused\n"}
,{"stream_name":"stderr","time":93.270549987,"data":"CUDA Graph id 63 reused\n"}
,{"stream_name":"stderr","time":93.270995457,"data":"CUDA Graph id 64 reused\n"}
,{"stream_name":"stderr","time":93.287008616,"data":"CUDA Graph id 63 reused\n"}
,{"stream_name":"stderr","time":93.287405884,"data":"CUDA Graph id 64 reused\n"}
,{"stream_name":"stderr","time":93.303574936,"data":"CUDA Graph id 63 reused\n"}
,{"stream_name":"stderr","time":93.304049193,"data":"CUDA Graph id 64 reused\n"}
,{"stream_name":"stderr","time":93.320048919,"data":"CUDA Graph id 63 reused\n"}
,{"stream_name":"stderr","time":93.320409717,"data":"CUDA Graph id 64 reused\n"}
,{"stream_name":"stderr","time":93.336378733,"data":"CUDA Graph id 63 reused\n"}
,{"stream_name":"stderr","time":93.336789268,"data":"CUDA Graph id 64 reused\n"}
,{"stream_name":"stderr","time":93.352912186,"data":"CUDA Graph id 63 reused\n"}
,{"stream_name":"stderr","time":93.353226549,"data":"CUDA Graph id 64 reused\n"}
,{"stream_name":"stderr","time":93.369346216,"data":"CUDA Graph id 63 reused\n"}
,{"stream_name":"stderr","time":93.369749424,"data":"CUDA Graph id 64 reused\n"}
,{"stream_name":"stderr","time":93.385750173,"data":"CUDA Graph id 63 reused\n"}
,{"stream_name":"stderr","time":93.386198235,"data":"CUDA Graph id 64 reused\n"}
,{"stream_name":"stderr","time":93.40223698,"data":"CUDA Graph id 63 reused\n"}
,{"stream_name":"stderr","time":93.402577542,"data":"CUDA Graph id 64 reused\n"}
,{"stream_name":"stderr","time":93.418463781,"data":"CUDA Graph id 63 reused\n"}
,{"stream_name":"stderr","time":93.418894608,"data":"CUDA Graph id 64 reused\n"}
,{"stream_name":"stderr","time":93.434784727,"data":"CUDA Graph id 63 reused\n"}
,{"stream_name":"stderr","time":93.435264874,"data":"CUDA Graph id 64 reused\n"}
,{"stream_name":"stderr","time":93.451221123,"data":"CUDA Graph id 63 reused\n"}
,{"stream_name":"stderr","time":93.451595453,"data":"CUDA Graph id 64 reused\n"}
,{"stream_name":"stderr","time":93.467538747,"data":"CUDA Graph id 63 reused\n"}
,{"stream_name":"stderr","time":93.467982969,"data":"CUDA Graph id 64 reused\n"}
,{"stream_name":"stderr","time":93.483975098,"data":"CUDA Graph id 63 reused\n"}
,{"stream_name":"stderr","time":93.484327337,"data":"CUDA Graph id 64 reused\n"}
,{"stream_name":"stderr","time":93.500161144,"data":"CUDA Graph id 63 reused\n"}
,{"stream_name":"stderr","time":93.500556881,"data":"CUDA Graph id 64 reused\n"}
,{"stream_name":"stderr","time":93.516533507,"data":"CUDA Graph id 63 reused\n"}
,{"stream_name":"stderr","time":93.516959273,"data":"CUDA Graph id 64 reused\n"}
,{"stream_name":"stderr","time":93.532814191,"data":"CUDA Graph id 63 reused\n"}
,{"stream_name":"stderr","time":93.533353657,"data":"CUDA Graph id 64 reused\n"}
,{"stream_name":"stderr","time":93.549364027,"data":"CUDA Graph id 63 reused\n"}
,{"stream_name":"stderr","time":93.549893565,"data":"CUDA Graph id 64 reused\n"}
,{"stream_name":"stderr","time":93.565746431,"data":"CUDA Graph id 63 reused\n"}
,{"stream_name":"stderr","time":93.566185849,"data":"CUDA Graph id 64 reused\n"}
,{"stream_name":"stderr","time":93.582242889,"data":"CUDA Graph id 63 reused\n"}
,{"stream_name":"stderr","time":93.58264604,"data":"CUDA Graph id 64 reused\n"}
,{"stream_name":"stderr","time":93.598553958,"data":"CUDA Graph id 63 reused\n"}
,{"stream_name":"stderr","time":93.599031914,"data":"CUDA Graph id 64 reused\n"}
,{"stream_name":"stderr","time":93.614940013,"data":"CUDA Graph id 63 reused\n"}
,{"stream_name":"stderr","time":93.615442824,"data":"CUDA Graph id 64 reused\n"}
,{"stream_name":"stderr","time":93.631352471,"data":"CUDA Graph id 63 reused\n"}
,{"stream_name":"stderr","time":93.631820092,"data":"CUDA Graph id 64 reused\n"}
,{"stream_name":"stderr","time":93.647789955,"data":"CUDA Graph id 63 reused\n"}
,{"stream_name":"stderr","time":93.648181608,"data":"CUDA Graph id 64 reused\n"}
,{"stream_name":"stderr","time":93.664138797,"data":"CUDA Graph id 63 reused\n"}
,{"stream_name":"stderr","time":93.664589415,"data":"CUDA Graph id 64 reused\n"}
,{"stream_name":"stderr","time":93.680526862,"data":"CUDA Graph id 63 reused\n"}
,{"stream_name":"stderr","time":93.681079807,"data":"CUDA Graph id 64 reused\n"}
,{"stream_name":"stderr","time":93.696911261,"data":"CUDA Graph id 63 reused\n"}
,{"stream_name":"stderr","time":93.697332048,"data":"CUDA Graph id 64 reused\n"}
,{"stream_name":"stderr","time":93.71339256,"data":"CUDA Graph id 63 reused\n"}
,{"stream_name":"stderr","time":93.713831094,"data":"CUDA Graph id 64 reused\n"}
,{"stream_name":"stderr","time":93.729811656,"data":"CUDA Graph id 63 reused\n"}
,{"stream_name":"stderr","time":93.73032296,"data":"CUDA Graph id 64 reused\n"}
,{"stream_name":"stderr","time":93.746166499,"data":"CUDA Graph id 63 reused\n"}
,{"stream_name":"stderr","time":93.746543107,"data":"CUDA Graph id 64 reused\n"}
,{"stream_name":"stderr","time":93.762535167,"data":"CUDA Graph id 63 reused\n"}
,{"stream_name":"stderr","time":93.762982959,"data":"CUDA Graph id 64 reused\n"}
,{"stream_name":"stderr","time":93.778797338,"data":"CUDA Graph id 63 reused\n"}
,{"stream_name":"stderr","time":93.779226987,"data":"CUDA Graph id 64 reused\n"}
,{"stream_name":"stderr","time":93.795513322,"data":"CUDA Graph id 63 reused\n"}
,{"stream_name":"stderr","time":93.796003827,"data":"CUDA Graph id 64 reused\n"}
,{"stream_name":"stderr","time":93.812041969,"data":"CUDA Graph id 63 reused\n"}
,{"stream_name":"stderr","time":93.812308245,"data":"CUDA Graph id 64 reused\n"}
,{"stream_name":"stderr","time":93.828283089,"data":"CUDA Graph id 63 reused\n"}
,{"stream_name":"stderr","time":93.82863711,"data":"CUDA Graph id 64 reused\n"}
,{"stream_name":"stderr","time":93.844553817,"data":"CUDA Graph id 63 reused\n"}
,{"stream_name":"stderr","time":93.844956464,"data":"CUDA Graph id 64 reused\n"}
,{"stream_name":"stderr","time":93.860784607,"data":"CUDA Graph id 63 reused\n"}
,{"stream_name":"stderr","time":93.861160057,"data":"CUDA Graph id 64 reused\n"}
,{"stream_name":"stderr","time":93.877249888,"data":"CUDA Graph id 63 reused\n"}
,{"stream_name":"stderr","time":93.877604589,"data":"CUDA Graph id 64 reused\n"}
,{"stream_name":"stderr","time":93.893593451,"data":"CUDA Graph id 63 reused\n"}
,{"stream_name":"stderr","time":93.894020085,"data":"CUDA Graph id 64 reused\n"}
,{"stream_name":"stderr","time":93.910030816,"data":"CUDA Graph id 63 reused\n"}
,{"stream_name":"stderr","time":93.910467188,"data":"CUDA Graph id 64 reused\n"}
,{"stream_name":"stderr","time":93.926295329,"data":"CUDA Graph id 63 reused\n"}
,{"stream_name":"stderr","time":93.926735734,"data":"CUDA Graph id 64 reused\n"}
,{"stream_name":"stderr","time":93.942562978,"data":"CUDA Graph id 63 reused\n"}
,{"stream_name":"stderr","time":93.942964745,"data":"CUDA Graph id 64 reused\n"}
,{"stream_name":"stderr","time":93.959034371,"data":"CUDA Graph id 63 reused\n"}
,{"stream_name":"stderr","time":93.95937246,"data":"CUDA Graph id 64 reused\n"}
,{"stream_name":"stderr","time":93.9753879,"data":"CUDA Graph id 63 reused\n"}
,{"stream_name":"stderr","time":93.975804829,"data":"CUDA Graph id 64 reused\n"}
,{"stream_name":"stderr","time":93.991740583,"data":"CUDA Graph id 63 reused\n"}
,{"stream_name":"stderr","time":93.992141637,"data":"CUDA Graph id 64 reused\n"}
,{"stream_name":"stderr","time":94.008180889,"data":"CUDA Graph id 63 reused\n"}
,{"stream_name":"stderr","time":94.008455194,"data":"CUDA Graph id 64 reused\n"}
,{"stream_name":"stderr","time":94.024421957,"data":"CUDA Graph id 63 reused\n"}
,{"stream_name":"stderr","time":94.024823925,"data":"CUDA Graph id 64 reused\n"}
,{"stream_name":"stderr","time":94.041180796,"data":"CUDA Graph id 63 reused\n"}
,{"stream_name":"stderr","time":94.041604466,"data":"CUDA Graph id 64 reused\n"}
,{"stream_name":"stderr","time":94.057655956,"data":"CUDA Graph id 63 reused\n"}
,{"stream_name":"stderr","time":94.058046416,"data":"CUDA Graph id 64 reused\n"}
,{"stream_name":"stderr","time":94.074945162,"data":"llama_perf_context_print:        load time =     296.72 ms\n"}
,{"stream_name":"stderr","time":94.074981866,"data":"llama_perf_context_print: prompt eval time =      26.13 ms /    18 tokens (    1.45 ms per token,   688.81 tokens per second)\n"}
,{"stream_name":"stderr","time":94.074988531,"data":"llama_perf_context_print:        eval time =    9284.30 ms /   639 runs   (   14.53 ms per token,    68.83 tokens per second)\n"}
,{"stream_name":"stderr","time":94.074992915,"data":"llama_perf_context_print:       total time =   10216.62 ms /   657 tokens\n"}
,{"stream_name":"stderr","time":94.074997071,"data":"llama_perf_context_print:    graphs reused =        636\n"}
,{"stream_name":"stderr","time":94.109695442,"data":"~llama_context:      CUDA0 compute buffer size is 350.0234 MiB, matches expectation of 350.0234 MiB\n"}
,{"stream_name":"stderr","time":94.10975172,"data":"~llama_context:      CUDA1 compute buffer size is 369.7812 MiB, matches expectation of 369.7812 MiB\n"}
,{"stream_name":"stderr","time":94.109758444,"data":"~llama_context:  CUDA_Host compute buffer size is  58.0391 MiB, matches expectation of  58.0391 MiB\n"}
,{"stream_name":"stderr","time":128.875036861,"data":"CUDA Graph id 103 reused\n"}
,{"stream_name":"stderr","time":128.875106783,"data":"ggml_backend_cuda_graph_compute: CUDA graph warmup complete\n"}
,{"stream_name":"stderr","time":128.884084699,"data":"CUDA Graph id 104 reused\n"}
,{"stream_name":"stderr","time":128.884125455,"data":"ggml_backend_cuda_graph_compute: CUDA graph warmup complete\n"}
,{"stream_name":"stderr","time":128.894568363,"data":"ggml_backend_cuda_graph_compute: CUDA graph warmup reset\n"}
,{"stream_name":"stderr","time":128.898063796,"data":"ggml_backend_cuda_graph_compute: CUDA graph warmup reset\n"}
,{"stream_name":"stderr","time":129.416236739,"data":"CUDA Graph id 111 reused\n"}
,{"stream_name":"stderr","time":129.416283673,"data":"ggml_backend_cuda_graph_compute: CUDA graph warmup complete\n"}
,{"stream_name":"stderr","time":129.420316774,"data":"CUDA Graph id 112 reused\n"}
,{"stream_name":"stderr","time":129.420380865,"data":"ggml_backend_cuda_graph_compute: CUDA graph warmup complete\n"}
,{"stream_name":"stderr","time":129.443961671,"data":"CUDA Graph id 111 reused\n"}
,{"stream_name":"stderr","time":129.444306833,"data":"CUDA Graph id 112 reused\n"}
,{"stream_name":"stderr","time":129.467795977,"data":"CUDA Graph id 111 reused\n"}
,{"stream_name":"stderr","time":129.468276641,"data":"CUDA Graph id 112 reused\n"}
,{"stream_name":"stderr","time":129.49142061,"data":"CUDA Graph id 111 reused\n"}
,{"stream_name":"stderr","time":129.491869947,"data":"CUDA Graph id 112 reused\n"}
,{"stream_name":"stderr","time":129.515027661,"data":"CUDA Graph id 111 reused\n"}
,{"stream_name":"stderr","time":129.515371944,"data":"CUDA Graph id 112 reused\n"}
,{"stream_name":"stderr","time":129.538788002,"data":"CUDA Graph id 111 reused\n"}
,{"stream_name":"stderr","time":129.539202775,"data":"CUDA Graph id 112 reused\n"}
,{"stream_name":"stderr","time":129.562803167,"data":"llama_perf_context_print:        load time =     497.15 ms\n"}
,{"stream_name":"stderr","time":129.562843238,"data":"llama_perf_context_print: prompt eval time =    1193.68 ms /  1035 tokens (    1.15 ms per token,   867.07 tokens per second)\n"}
,{"stream_name":"stderr","time":129.562847654,"data":"llama_perf_context_print:        eval time =     167.16 ms /     7 runs   (   23.88 ms per token,    41.88 tokens per second)\n"}
,{"stream_name":"stderr","time":129.562851872,"data":"llama_perf_context_print:       total time =     670.49 ms /  1042 tokens\n"}
,{"stream_name":"stderr","time":129.562872905,"data":"llama_perf_context_print:    graphs reused =          6\n"}
,{"stream_name":"stderr","time":129.598123363,"data":"Llama.generate: 3 prefix-match hit, remaining 18 prompt tokens to eval\n"}
,{"stream_name":"stderr","time":129.600437221,"data":"ggml_backend_cuda_graph_compute: CUDA graph warmup reset\n"}
,{"stream_name":"stderr","time":129.604704297,"data":"ggml_backend_cuda_graph_compute: CUDA graph warmup reset\n"}
,{"stream_name":"stderr","time":129.667067895,"data":"CUDA Graph id 119 reused\n"}
,{"stream_name":"stderr","time":129.667137476,"data":"ggml_backend_cuda_graph_compute: CUDA graph warmup complete\n"}
,{"stream_name":"stderr","time":129.669254009,"data":"CUDA Graph id 120 reused\n"}
,{"stream_name":"stderr","time":129.669299149,"data":"ggml_backend_cuda_graph_compute: CUDA graph warmup complete\n"}
,{"stream_name":"stderr","time":129.692815704,"data":"CUDA Graph id 119 reused\n"}
,{"stream_name":"stderr","time":129.693213594,"data":"CUDA Graph id 120 reused\n"}
,{"stream_name":"stderr","time":129.716483729,"data":"CUDA Graph id 119 reused\n"}
,{"stream_name":"stderr","time":129.716931097,"data":"CUDA Graph id 120 reused\n"}
,{"stream_name":"stderr","time":129.740100976,"data":"CUDA Graph id 119 reused\n"}
,{"stream_name":"stderr","time":129.740487639,"data":"CUDA Graph id 120 reused\n"}
,{"stream_name":"stderr","time":129.76417015,"data":"CUDA Graph id 119 reused\n"}
,{"stream_name":"stderr","time":129.764562076,"data":"CUDA Graph id 120 reused\n"}
,{"stream_name":"stderr","time":129.788492444,"data":"CUDA Graph id 119 reused\n"}
,{"stream_name":"stderr","time":129.788950929,"data":"CUDA Graph id 120 reused\n"}
,{"stream_name":"stderr","time":129.812717204,"data":"CUDA Graph id 119 reused\n"}
,{"stream_name":"stderr","time":129.813116042,"data":"CUDA Graph id 120 reused\n"}
,{"stream_name":"stderr","time":129.836461507,"data":"CUDA Graph id 119 reused\n"}
,{"stream_name":"stderr","time":129.836958889,"data":"CUDA Graph id 120 reused\n"}
,{"stream_name":"stderr","time":129.860143484,"data":"CUDA Graph id 119 reused\n"}
,{"stream_name":"stderr","time":129.86055446,"data":"CUDA Graph id 120 reused\n"}
,{"stream_name":"stderr","time":129.884005797,"data":"CUDA Graph id 119 reused\n"}
,{"stream_name":"stderr","time":129.884484737,"data":"CUDA Graph id 120 reused\n"}
,{"stream_name":"stderr","time":129.90815764,"data":"CUDA Graph id 119 reused\n"}
,{"stream_name":"stderr","time":129.908560816,"data":"CUDA Graph id 120 reused\n"}
,{"stream_name":"stderr","time":129.93228253,"data":"CUDA Graph id 119 reused\n"}
,{"stream_name":"stderr","time":129.93264756,"data":"CUDA Graph id 120 reused\n"}
,{"stream_name":"stderr","time":129.956260672,"data":"CUDA Graph id 119 reused\n"}
,{"stream_name":"stderr","time":129.956585388,"data":"CUDA Graph id 120 reused\n"}
,{"stream_name":"stderr","time":129.980220511,"data":"CUDA Graph id 119 reused\n"}
,{"stream_name":"stderr","time":129.980566774,"data":"CUDA Graph id 120 reused\n"}
,{"stream_name":"stderr","time":130.004040399,"data":"CUDA Graph id 119 reused\n"}
,{"stream_name":"stderr","time":130.004403046,"data":"CUDA Graph id 120 reused\n"}
,{"stream_name":"stderr","time":130.028025499,"data":"CUDA Graph id 119 reused\n"}
,{"stream_name":"stderr","time":130.028471926,"data":"CUDA Graph id 120 reused\n"}
,{"stream_name":"stderr","time":130.052454774,"data":"CUDA Graph id 119 reused\n"}
,{"stream_name":"stderr","time":130.052926463,"data":"CUDA Graph id 120 reused\n"}
,{"stream_name":"stderr","time":130.07667686,"data":"CUDA Graph id 119 reused\n"}
,{"stream_name":"stderr","time":130.077266259,"data":"CUDA Graph id 120 reused\n"}
,{"stream_name":"stderr","time":130.100749755,"data":"CUDA Graph id 119 reused\n"}
,{"stream_name":"stderr","time":130.101140057,"data":"CUDA Graph id 120 reused\n"}
,{"stream_name":"stderr","time":130.124324183,"data":"CUDA Graph id 119 reused\n"}
,{"stream_name":"stderr","time":130.124757487,"data":"CUDA Graph id 120 reused\n"}
,{"stream_name":"stderr","time":130.148193126,"data":"CUDA Graph id 119 reused\n"}
,{"stream_name":"stderr","time":130.148868877,"data":"CUDA Graph id 120 reused\n"}
,{"stream_name":"stderr","time":130.172551406,"data":"CUDA Graph id 119 reused\n"}
,{"stream_name":"stderr","time":130.172999475,"data":"CUDA Graph id 120 reused\n"}
,{"stream_name":"stderr","time":130.196946392,"data":"CUDA Graph id 119 reused\n"}
,{"stream_name":"stderr","time":130.197320237,"data":"CUDA Graph id 120 reused\n"}
,{"stream_name":"stderr","time":130.220871283,"data":"CUDA Graph id 119 reused\n"}
,{"stream_name":"stderr","time":130.221328697,"data":"CUDA Graph id 120 reused\n"}
,{"stream_name":"stderr","time":130.244601761,"data":"CUDA Graph id 119 reused\n"}
,{"stream_name":"stderr","time":130.244958648,"data":"CUDA Graph id 120 reused\n"}
,{"stream_name":"stderr","time":130.268289613,"data":"CUDA Graph id 119 reused\n"}
,{"stream_name":"stderr","time":130.268756434,"data":"CUDA Graph id 120 reused\n"}
,{"stream_name":"stderr","time":130.292387474,"data":"CUDA Graph id 119 reused\n"}
,{"stream_name":"stderr","time":130.292887457,"data":"CUDA Graph id 120 reused\n"}
,{"stream_name":"stderr","time":130.316527729,"data":"CUDA Graph id 119 reused\n"}
,{"stream_name":"stderr","time":130.317040941,"data":"CUDA Graph id 120 reused\n"}
,{"stream_name":"stderr","time":130.340441143,"data":"CUDA Graph id 119 reused\n"}
,{"stream_name":"stderr","time":130.340945598,"data":"CUDA Graph id 120 reused\n"}
,{"stream_name":"stderr","time":130.364531952,"data":"CUDA Graph id 119 reused\n"}
,{"stream_name":"stderr","time":130.365090734,"data":"CUDA Graph id 120 reused\n"}
,{"stream_name":"stderr","time":130.388356194,"data":"CUDA Graph id 119 reused\n"}
,{"stream_name":"stderr","time":130.388789845,"data":"CUDA Graph id 120 reused\n"}
,{"stream_name":"stderr","time":130.412378357,"data":"CUDA Graph id 119 reused\n"}
,{"stream_name":"stderr","time":130.41291997,"data":"CUDA Graph id 120 reused\n"}
,{"stream_name":"stderr","time":130.436588725,"data":"CUDA Graph id 119 reused\n"}
,{"stream_name":"stderr","time":130.437870843,"data":"CUDA Graph id 120 reused\n"}
,{"stream_name":"stderr","time":130.460987867,"data":"CUDA Graph id 119 reused\n"}
,{"stream_name":"stderr","time":130.46153189,"data":"CUDA Graph id 120 reused\n"}
,{"stream_name":"stderr","time":130.485204402,"data":"CUDA Graph id 119 reused\n"}
,{"stream_name":"stderr","time":130.485645607,"data":"CUDA Graph id 120 reused\n"}
,{"stream_name":"stderr","time":130.509051706,"data":"CUDA Graph id 119 reused\n"}
,{"stream_name":"stderr","time":130.509502435,"data":"CUDA Graph id 120 reused\n"}
,{"stream_name":"stderr","time":130.532960839,"data":"CUDA Graph id 119 reused\n"}
,{"stream_name":"stderr","time":130.533446383,"data":"CUDA Graph id 120 reused\n"}
,{"stream_name":"stderr","time":130.557330057,"data":"CUDA Graph id 119 reused\n"}
,{"stream_name":"stderr","time":130.557748131,"data":"CUDA Graph id 120 reused\n"}
,{"stream_name":"stderr","time":130.581764879,"data":"CUDA Graph id 119 reused\n"}
,{"stream_name":"stderr","time":130.582264102,"data":"CUDA Graph id 120 reused\n"}
,{"stream_name":"stderr","time":130.605923381,"data":"CUDA Graph id 119 reused\n"}
,{"stream_name":"stderr","time":130.606375976,"data":"CUDA Graph id 120 reused\n"}
,{"stream_name":"stderr","time":130.629814887,"data":"CUDA Graph id 119 reused\n"}
,{"stream_name":"stderr","time":130.630279211,"data":"CUDA Graph id 120 reused\n"}
,{"stream_name":"stderr","time":130.653757786,"data":"CUDA Graph id 119 reused\n"}
,{"stream_name":"stderr","time":130.654210754,"data":"CUDA Graph id 120 reused\n"}
,{"stream_name":"stderr","time":130.677888519,"data":"CUDA Graph id 119 reused\n"}
,{"stream_name":"stderr","time":130.67840458,"data":"CUDA Graph id 120 reused\n"}
,{"stream_name":"stderr","time":130.702276541,"data":"CUDA Graph id 119 reused\n"}
,{"stream_name":"stderr","time":130.702705769,"data":"CUDA Graph id 120 reused\n"}
,{"stream_name":"stderr","time":130.726493443,"data":"CUDA Graph id 119 reused\n"}
,{"stream_name":"stderr","time":130.7270506,"data":"CUDA Graph id 120 reused\n"}
,{"stream_name":"stderr","time":130.750441582,"data":"CUDA Graph id 119 reused\n"}
,{"stream_name":"stderr","time":130.750903629,"data":"CUDA Graph id 120 reused\n"}
,{"stream_name":"stderr","time":130.774236368,"data":"CUDA Graph id 119 reused\n"}
,{"stream_name":"stderr","time":130.774746826,"data":"CUDA Graph id 120 reused\n"}
,{"stream_name":"stderr","time":130.798045491,"data":"CUDA Graph id 119 reused\n"}
,{"stream_name":"stderr","time":130.798488607,"data":"CUDA Graph id 120 reused\n"}
,{"stream_name":"stderr","time":130.821938614,"data":"CUDA Graph id 119 reused\n"}
,{"stream_name":"stderr","time":130.822424836,"data":"CUDA Graph id 120 reused\n"}
,{"stream_name":"stderr","time":130.84643139,"data":"CUDA Graph id 119 reused\n"}
,{"stream_name":"stderr","time":130.846993758,"data":"CUDA Graph id 120 reused\n"}
,{"stream_name":"stderr","time":130.870696315,"data":"CUDA Graph id 119 reused\n"}
,{"stream_name":"stderr","time":130.871215568,"data":"CUDA Graph id 120 reused\n"}
,{"stream_name":"stderr","time":130.894638714,"data":"CUDA Graph id 119 reused\n"}
,{"stream_name":"stderr","time":130.895198472,"data":"CUDA Graph id 120 reused\n"}
,{"stream_name":"stderr","time":130.91864525,"data":"CUDA Graph id 119 reused\n"}
,{"stream_name":"stderr","time":130.919184793,"data":"CUDA Graph id 120 reused\n"}
,{"stream_name":"stderr","time":130.94305596,"data":"CUDA Graph id 119 reused\n"}
,{"stream_name":"stderr","time":130.943687657,"data":"CUDA Graph id 120 reused\n"}
,{"stream_name":"stderr","time":130.967652253,"data":"CUDA Graph id 119 reused\n"}
,{"stream_name":"stderr","time":130.968159646,"data":"CUDA Graph id 120 reused\n"}
,{"stream_name":"stderr","time":130.991944876,"data":"CUDA Graph id 119 reused\n"}
,{"stream_name":"stderr","time":130.99232207,"data":"CUDA Graph id 120 reused\n"}
,{"stream_name":"stderr","time":131.015841825,"data":"CUDA Graph id 119 reused\n"}
,{"stream_name":"stderr","time":131.016252785,"data":"CUDA Graph id 120 reused\n"}
,{"stream_name":"stderr","time":131.039660782,"data":"CUDA Graph id 119 reused\n"}
,{"stream_name":"stderr","time":131.040068416,"data":"CUDA Graph id 120 reused\n"}
,{"stream_name":"stderr","time":131.063686394,"data":"CUDA Graph id 119 reused\n"}
,{"stream_name":"stderr","time":131.064101099,"data":"CUDA Graph id 120 reused\n"}
,{"stream_name":"stderr","time":131.088135918,"data":"CUDA Graph id 119 reused\n"}
,{"stream_name":"stderr","time":131.088601033,"data":"CUDA Graph id 120 reused\n"}
,{"stream_name":"stderr","time":131.112590308,"data":"CUDA Graph id 119 reused\n"}
,{"stream_name":"stderr","time":131.113026312,"data":"CUDA Graph id 120 reused\n"}
,{"stream_name":"stderr","time":131.136605131,"data":"CUDA Graph id 119 reused\n"}
,{"stream_name":"stderr","time":131.136972517,"data":"CUDA Graph id 120 reused\n"}
,{"stream_name":"stderr","time":131.160442177,"data":"CUDA Graph id 119 reused\n"}
,{"stream_name":"stderr","time":131.161053349,"data":"CUDA Graph id 120 reused\n"}
,{"stream_name":"stderr","time":131.184561782,"data":"CUDA Graph id 119 reused\n"}
,{"stream_name":"stderr","time":131.185018308,"data":"CUDA Graph id 120 reused\n"}
,{"stream_name":"stderr","time":131.208950373,"data":"CUDA Graph id 119 reused\n"}
,{"stream_name":"stderr","time":131.2094132,"data":"CUDA Graph id 120 reused\n"}
,{"stream_name":"stderr","time":131.233441074,"data":"CUDA Graph id 119 reused\n"}
,{"stream_name":"stderr","time":131.234181559,"data":"CUDA Graph id 120 reused\n"}
,{"stream_name":"stderr","time":131.257689102,"data":"CUDA Graph id 119 reused\n"}
,{"stream_name":"stderr","time":131.258199264,"data":"CUDA Graph id 120 reused\n"}
,{"stream_name":"stderr","time":131.282106283,"data":"CUDA Graph id 119 reused\n"}
,{"stream_name":"stderr","time":131.28274358,"data":"CUDA Graph id 120 reused\n"}
,{"stream_name":"stderr","time":131.306250981,"data":"CUDA Graph id 119 reused\n"}
,{"stream_name":"stderr","time":131.306774665,"data":"CUDA Graph id 120 reused\n"}
,{"stream_name":"stderr","time":131.330700044,"data":"CUDA Graph id 119 reused\n"}
,{"stream_name":"stderr","time":131.331230869,"data":"CUDA Graph id 120 reused\n"}
,{"stream_name":"stderr","time":131.355226578,"data":"CUDA Graph id 119 reused\n"}
,{"stream_name":"stderr","time":131.355625415,"data":"CUDA Graph id 120 reused\n"}
,{"stream_name":"stderr","time":131.379316453,"data":"CUDA Graph id 119 reused\n"}
,{"stream_name":"stderr","time":131.379729414,"data":"CUDA Graph id 120 reused\n"}
,{"stream_name":"stderr","time":131.40321286,"data":"CUDA Graph id 119 reused\n"}
,{"stream_name":"stderr","time":131.403651367,"data":"CUDA Graph id 120 reused\n"}
,{"stream_name":"stderr","time":131.427364815,"data":"CUDA Graph id 119 reused\n"}
,{"stream_name":"stderr","time":131.427779566,"data":"CUDA Graph id 120 reused\n"}
,{"stream_name":"stderr","time":131.451950222,"data":"CUDA Graph id 119 reused\n"}
,{"stream_name":"stderr","time":131.452387516,"data":"CUDA Graph id 120 reused\n"}
,{"stream_name":"stderr","time":131.476522407,"data":"CUDA Graph id 119 reused\n"}
,{"stream_name":"stderr","time":131.477004449,"data":"CUDA Graph id 120 reused\n"}
,{"stream_name":"stderr","time":131.500769932,"data":"CUDA Graph id 119 reused\n"}
,{"stream_name":"stderr","time":131.501162472,"data":"CUDA Graph id 120 reused\n"}
,{"stream_name":"stderr","time":131.524670982,"data":"CUDA Graph id 119 reused\n"}
,{"stream_name":"stderr","time":131.525158655,"data":"CUDA Graph id 120 reused\n"}
,{"stream_name":"stderr","time":131.54878085,"data":"CUDA Graph id 119 reused\n"}
,{"stream_name":"stderr","time":131.549161361,"data":"CUDA Graph id 120 reused\n"}
,{"stream_name":"stderr","time":131.573656236,"data":"CUDA Graph id 119 reused\n"}
,{"stream_name":"stderr","time":131.574099883,"data":"CUDA Graph id 120 reused\n"}
,{"stream_name":"stderr","time":131.598257991,"data":"CUDA Graph id 119 reused\n"}
,{"stream_name":"stderr","time":131.598625318,"data":"CUDA Graph id 120 reused\n"}
,{"stream_name":"stderr","time":131.622449268,"data":"CUDA Graph id 119 reused\n"}
,{"stream_name":"stderr","time":131.622809354,"data":"CUDA Graph id 120 reused\n"}
,{"stream_name":"stderr","time":131.64641194,"data":"CUDA Graph id 119 reused\n"}
,{"stream_name":"stderr","time":131.646913698,"data":"CUDA Graph id 120 reused\n"}
,{"stream_name":"stderr","time":131.670485997,"data":"CUDA Graph id 119 reused\n"}
,{"stream_name":"stderr","time":131.670950303,"data":"CUDA Graph id 120 reused\n"}
,{"stream_name":"stderr","time":131.695077231,"data":"CUDA Graph id 119 reused\n"}
,{"stream_name":"stderr","time":131.695382419,"data":"CUDA Graph id 120 reused\n"}
,{"stream_name":"stderr","time":131.719599406,"data":"CUDA Graph id 119 reused\n"}
,{"stream_name":"stderr","time":131.720031994,"data":"CUDA Graph id 120 reused\n"}
,{"stream_name":"stderr","time":131.743815523,"data":"CUDA Graph id 119 reused\n"}
,{"stream_name":"stderr","time":131.744188755,"data":"CUDA Graph id 120 reused\n"}
,{"stream_name":"stderr","time":131.767703891,"data":"CUDA Graph id 119 reused\n"}
,{"stream_name":"stderr","time":131.76812585,"data":"CUDA Graph id 120 reused\n"}
,{"stream_name":"stderr","time":131.791550865,"data":"CUDA Graph id 119 reused\n"}
,{"stream_name":"stderr","time":131.792147937,"data":"CUDA Graph id 120 reused\n"}
,{"stream_name":"stderr","time":131.815530999,"data":"CUDA Graph id 119 reused\n"}
,{"stream_name":"stderr","time":131.815938946,"data":"CUDA Graph id 120 reused\n"}
,{"stream_name":"stderr","time":131.839769128,"data":"CUDA Graph id 119 reused\n"}
,{"stream_name":"stderr","time":131.840234016,"data":"CUDA Graph id 120 reused\n"}
,{"stream_name":"stderr","time":131.864234034,"data":"CUDA Graph id 119 reused\n"}
,{"stream_name":"stderr","time":131.864670345,"data":"CUDA Graph id 120 reused\n"}
,{"stream_name":"stderr","time":131.888398943,"data":"CUDA Graph id 119 reused\n"}
,{"stream_name":"stderr","time":131.888960573,"data":"CUDA Graph id 120 reused\n"}
,{"stream_name":"stderr","time":131.91240821,"data":"CUDA Graph id 119 reused\n"}
,{"stream_name":"stderr","time":131.912837413,"data":"CUDA Graph id 120 reused\n"}
,{"stream_name":"stderr","time":131.93662884,"data":"CUDA Graph id 119 reused\n"}
,{"stream_name":"stderr","time":131.937021397,"data":"CUDA Graph id 120 reused\n"}
,{"stream_name":"stderr","time":131.961125786,"data":"CUDA Graph id 119 reused\n"}
,{"stream_name":"stderr","time":131.961496914,"data":"CUDA Graph id 120 reused\n"}
,{"stream_name":"stderr","time":131.985453805,"data":"CUDA Graph id 119 reused\n"}
,{"stream_name":"stderr","time":131.985924926,"data":"CUDA Graph id 120 reused\n"}
,{"stream_name":"stderr","time":132.009440042,"data":"CUDA Graph id 119 reused\n"}
,{"stream_name":"stderr","time":132.009914923,"data":"CUDA Graph id 120 reused\n"}
,{"stream_name":"stderr","time":132.033272034,"data":"CUDA Graph id 119 reused\n"}
,{"stream_name":"stderr","time":132.033713213,"data":"CUDA Graph id 120 reused\n"}
,{"stream_name":"stderr","time":132.057415179,"data":"CUDA Graph id 119 reused\n"}
,{"stream_name":"stderr","time":132.057886083,"data":"CUDA Graph id 120 reused\n"}
,{"stream_name":"stderr","time":132.081926001,"data":"CUDA Graph id 119 reused\n"}
,{"stream_name":"stderr","time":132.082332866,"data":"CUDA Graph id 120 reused\n"}
,{"stream_name":"stderr","time":132.106235147,"data":"CUDA Graph id 119 reused\n"}
,{"stream_name":"stderr","time":132.106699618,"data":"CUDA Graph id 120 reused\n"}
,{"stream_name":"stderr","time":132.13028779,"data":"CUDA Graph id 119 reused\n"}
,{"stream_name":"stderr","time":132.130680565,"data":"CUDA Graph id 120 reused\n"}
,{"stream_name":"stderr","time":132.154176159,"data":"CUDA Graph id 119 reused\n"}
,{"stream_name":"stderr","time":132.154572752,"data":"CUDA Graph id 120 reused\n"}
,{"stream_name":"stderr","time":132.178289684,"data":"CUDA Graph id 119 reused\n"}
,{"stream_name":"stderr","time":132.178655395,"data":"CUDA Graph id 120 reused\n"}
,{"stream_name":"stderr","time":132.202779082,"data":"CUDA Graph id 119 reused\n"}
,{"stream_name":"stderr","time":132.20314697,"data":"CUDA Graph id 120 reused\n"}
,{"stream_name":"stderr","time":132.227204397,"data":"CUDA Graph id 119 reused\n"}
,{"stream_name":"stderr","time":132.227605003,"data":"CUDA Graph id 120 reused\n"}
,{"stream_name":"stderr","time":132.251335858,"data":"CUDA Graph id 119 reused\n"}
,{"stream_name":"stderr","time":132.251683864,"data":"CUDA Graph id 120 reused\n"}
,{"stream_name":"stderr","time":132.275271958,"data":"CUDA Graph id 119 reused\n"}
,{"stream_name":"stderr","time":132.275566633,"data":"CUDA Graph id 120 reused\n"}
,{"stream_name":"stderr","time":132.299253957,"data":"CUDA Graph id 119 reused\n"}
,{"stream_name":"stderr","time":132.299583327,"data":"CUDA Graph id 120 reused\n"}
,{"stream_name":"stderr","time":132.323633103,"data":"CUDA Graph id 119 reused\n"}
,{"stream_name":"stderr","time":132.324058182,"data":"CUDA Graph id 120 reused\n"}
,{"stream_name":"stderr","time":132.348260439,"data":"CUDA Graph id 119 reused\n"}
,{"stream_name":"stderr","time":132.348617607,"data":"CUDA Graph id 120 reused\n"}
,{"stream_name":"stderr","time":132.372409513,"data":"CUDA Graph id 119 reused\n"}
,{"stream_name":"stderr","time":132.372845999,"data":"CUDA Graph id 120 reused\n"}
,{"stream_name":"stderr","time":132.396392279,"data":"CUDA Graph id 119 reused\n"}
,{"stream_name":"stderr","time":132.396745932,"data":"CUDA Graph id 120 reused\n"}
,{"stream_name":"stderr","time":132.420345337,"data":"CUDA Graph id 119 reused\n"}
,{"stream_name":"stderr","time":132.420840869,"data":"CUDA Graph id 120 reused\n"}
,{"stream_name":"stderr","time":132.444859748,"data":"CUDA Graph id 119 reused\n"}
,{"stream_name":"stderr","time":132.445315444,"data":"CUDA Graph id 120 reused\n"}
,{"stream_name":"stderr","time":132.469603874,"data":"CUDA Graph id 119 reused\n"}
,{"stream_name":"stderr","time":132.470072428,"data":"CUDA Graph id 120 reused\n"}
,{"stream_name":"stderr","time":132.493868254,"data":"CUDA Graph id 119 reused\n"}
,{"stream_name":"stderr","time":132.494404586,"data":"CUDA Graph id 120 reused\n"}
,{"stream_name":"stderr","time":132.517797384,"data":"CUDA Graph id 119 reused\n"}
,{"stream_name":"stderr","time":132.518266032,"data":"CUDA Graph id 120 reused\n"}
,{"stream_name":"stderr","time":132.541836263,"data":"CUDA Graph id 119 reused\n"}
,{"stream_name":"stderr","time":132.542320628,"data":"CUDA Graph id 120 reused\n"}
,{"stream_name":"stderr","time":132.566336402,"data":"CUDA Graph id 119 reused\n"}
,{"stream_name":"stderr","time":132.566782293,"data":"CUDA Graph id 120 reused\n"}
,{"stream_name":"stderr","time":132.591071792,"data":"CUDA Graph id 119 reused\n"}
,{"stream_name":"stderr","time":132.591493207,"data":"CUDA Graph id 120 reused\n"}
,{"stream_name":"stderr","time":132.615537092,"data":"CUDA Graph id 119 reused\n"}
,{"stream_name":"stderr","time":132.61601225,"data":"CUDA Graph id 120 reused\n"}
,{"stream_name":"stderr","time":132.639508484,"data":"CUDA Graph id 119 reused\n"}
,{"stream_name":"stderr","time":132.639985905,"data":"CUDA Graph id 120 reused\n"}
,{"stream_name":"stderr","time":132.663606989,"data":"CUDA Graph id 119 reused\n"}
,{"stream_name":"stderr","time":132.664106409,"data":"CUDA Graph id 120 reused\n"}
,{"stream_name":"stderr","time":132.688103051,"data":"CUDA Graph id 119 reused\n"}
,{"stream_name":"stderr","time":132.688634102,"data":"CUDA Graph id 120 reused\n"}
,{"stream_name":"stderr","time":132.712798739,"data":"CUDA Graph id 119 reused\n"}
,{"stream_name":"stderr","time":132.713285181,"data":"CUDA Graph id 120 reused\n"}
,{"stream_name":"stderr","time":132.737244241,"data":"CUDA Graph id 119 reused\n"}
,{"stream_name":"stderr","time":132.73769304,"data":"CUDA Graph id 120 reused\n"}
,{"stream_name":"stderr","time":132.761409047,"data":"CUDA Graph id 119 reused\n"}
,{"stream_name":"stderr","time":132.762010785,"data":"CUDA Graph id 120 reused\n"}
,{"stream_name":"stderr","time":132.785586457,"data":"CUDA Graph id 119 reused\n"}
,{"stream_name":"stderr","time":132.785999196,"data":"CUDA Graph id 120 reused\n"}
,{"stream_name":"stderr","time":132.810012366,"data":"CUDA Graph id 119 reused\n"}
,{"stream_name":"stderr","time":132.810411115,"data":"CUDA Graph id 120 reused\n"}
,{"stream_name":"stderr","time":132.834771673,"data":"CUDA Graph id 119 reused\n"}
,{"stream_name":"stderr","time":132.835156231,"data":"CUDA Graph id 120 reused\n"}
,{"stream_name":"stderr","time":132.85905378,"data":"CUDA Graph id 119 reused\n"}
,{"stream_name":"stderr","time":132.859565269,"data":"CUDA Graph id 120 reused\n"}
,{"stream_name":"stderr","time":132.883313182,"data":"CUDA Graph id 119 reused\n"}
,{"stream_name":"stderr","time":132.883757006,"data":"CUDA Graph id 120 reused\n"}
,{"stream_name":"stderr","time":132.907480876,"data":"CUDA Graph id 119 reused\n"}
,{"stream_name":"stderr","time":132.908106111,"data":"CUDA Graph id 120 reused\n"}
,{"stream_name":"stderr","time":132.932112073,"data":"CUDA Graph id 119 reused\n"}
,{"stream_name":"stderr","time":132.932438887,"data":"CUDA Graph id 120 reused\n"}
,{"stream_name":"stderr","time":132.956743808,"data":"CUDA Graph id 119 reused\n"}
,{"stream_name":"stderr","time":132.957193013,"data":"CUDA Graph id 120 reused\n"}
,{"stream_name":"stderr","time":132.981014462,"data":"CUDA Graph id 119 reused\n"}
,{"stream_name":"stderr","time":132.981445821,"data":"CUDA Graph id 120 reused\n"}
,{"stream_name":"stderr","time":133.00512169,"data":"CUDA Graph id 119 reused\n"}
,{"stream_name":"stderr","time":133.005561419,"data":"CUDA Graph id 120 reused\n"}
,{"stream_name":"stderr","time":133.029243895,"data":"CUDA Graph id 119 reused\n"}
,{"stream_name":"stderr","time":133.02968737,"data":"CUDA Graph id 120 reused\n"}
,{"stream_name":"stderr","time":133.053650343,"data":"CUDA Graph id 119 reused\n"}
,{"stream_name":"stderr","time":133.054144907,"data":"CUDA Graph id 120 reused\n"}
,{"stream_name":"stderr","time":133.078316558,"data":"CUDA Graph id 119 reused\n"}
,{"stream_name":"stderr","time":133.07908735,"data":"CUDA Graph id 120 reused\n"}
,{"stream_name":"stderr","time":133.102538644,"data":"CUDA Graph id 119 reused\n"}
,{"stream_name":"stderr","time":133.103073565,"data":"CUDA Graph id 120 reused\n"}
,{"stream_name":"stderr","time":133.126560747,"data":"CUDA Graph id 119 reused\n"}
,{"stream_name":"stderr","time":133.127061413,"data":"CUDA Graph id 120 reused\n"}
,{"stream_name":"stderr","time":133.150672913,"data":"CUDA Graph id 119 reused\n"}
,{"stream_name":"stderr","time":133.151159272,"data":"CUDA Graph id 120 reused\n"}
,{"stream_name":"stderr","time":133.175206569,"data":"CUDA Graph id 119 reused\n"}
,{"stream_name":"stderr","time":133.17568896,"data":"CUDA Graph id 120 reused\n"}
,{"stream_name":"stderr","time":133.19994578,"data":"CUDA Graph id 119 reused\n"}
,{"stream_name":"stderr","time":133.200422345,"data":"CUDA Graph id 120 reused\n"}
,{"stream_name":"stderr","time":133.224288759,"data":"CUDA Graph id 119 reused\n"}
,{"stream_name":"stderr","time":133.2247693,"data":"CUDA Graph id 120 reused\n"}
,{"stream_name":"stderr","time":133.248346449,"data":"CUDA Graph id 119 reused\n"}
,{"stream_name":"stderr","time":133.248790648,"data":"CUDA Graph id 120 reused\n"}
,{"stream_name":"stderr","time":133.27248705,"data":"CUDA Graph id 119 reused\n"}
,{"stream_name":"stderr","time":133.272971527,"data":"CUDA Graph id 120 reused\n"}
,{"stream_name":"stderr","time":133.297036178,"data":"CUDA Graph id 119 reused\n"}
,{"stream_name":"stderr","time":133.297503751,"data":"CUDA Graph id 120 reused\n"}
,{"stream_name":"stderr","time":133.321713766,"data":"CUDA Graph id 119 reused\n"}
,{"stream_name":"stderr","time":133.322249409,"data":"CUDA Graph id 120 reused\n"}
,{"stream_name":"stderr","time":133.346120748,"data":"CUDA Graph id 119 reused\n"}
,{"stream_name":"stderr","time":133.346546166,"data":"CUDA Graph id 120 reused\n"}
,{"stream_name":"stderr","time":133.370172677,"data":"CUDA Graph id 119 reused\n"}
,{"stream_name":"stderr","time":133.370631314,"data":"CUDA Graph id 120 reused\n"}
,{"stream_name":"stderr","time":133.394335378,"data":"CUDA Graph id 119 reused\n"}
,{"stream_name":"stderr","time":133.394803499,"data":"CUDA Graph id 120 reused\n"}
,{"stream_name":"stderr","time":133.418731346,"data":"CUDA Graph id 119 reused\n"}
,{"stream_name":"stderr","time":133.419187832,"data":"CUDA Graph id 120 reused\n"}
,{"stream_name":"stderr","time":133.443510739,"data":"CUDA Graph id 119 reused\n"}
,{"stream_name":"stderr","time":133.44393928,"data":"CUDA Graph id 120 reused\n"}
,{"stream_name":"stderr","time":133.467967042,"data":"CUDA Graph id 119 reused\n"}
,{"stream_name":"stderr","time":133.468318821,"data":"CUDA Graph id 120 reused\n"}
,{"stream_name":"stderr","time":133.491948722,"data":"CUDA Graph id 119 reused\n"}
,{"stream_name":"stderr","time":133.49231651,"data":"CUDA Graph id 120 reused\n"}
,{"stream_name":"stderr","time":133.516119655,"data":"CUDA Graph id 119 reused\n"}
,{"stream_name":"stderr","time":133.516476626,"data":"CUDA Graph id 120 reused\n"}
,{"stream_name":"stderr","time":133.540606514,"data":"CUDA Graph id 119 reused\n"}
,{"stream_name":"stderr","time":133.541031915,"data":"CUDA Graph id 120 reused\n"}
,{"stream_name":"stderr","time":133.565220712,"data":"CUDA Graph id 119 reused\n"}
,{"stream_name":"stderr","time":133.565588535,"data":"CUDA Graph id 120 reused\n"}
,{"stream_name":"stderr","time":133.589551325,"data":"CUDA Graph id 119 reused\n"}
,{"stream_name":"stderr","time":133.590015241,"data":"CUDA Graph id 120 reused\n"}
,{"stream_name":"stderr","time":133.613590549,"data":"CUDA Graph id 119 reused\n"}
,{"stream_name":"stderr","time":133.614032373,"data":"CUDA Graph id 120 reused\n"}
,{"stream_name":"stderr","time":133.637671396,"data":"CUDA Graph id 119 reused\n"}
,{"stream_name":"stderr","time":133.638092249,"data":"CUDA Graph id 120 reused\n"}
,{"stream_name":"stderr","time":133.662188685,"data":"CUDA Graph id 119 reused\n"}
,{"stream_name":"stderr","time":133.662563907,"data":"CUDA Graph id 120 reused\n"}
,{"stream_name":"stderr","time":133.686862654,"data":"CUDA Graph id 119 reused\n"}
,{"stream_name":"stderr","time":133.687273128,"data":"CUDA Graph id 120 reused\n"}
,{"stream_name":"stderr","time":133.711140381,"data":"CUDA Graph id 119 reused\n"}
,{"stream_name":"stderr","time":133.711635937,"data":"CUDA Graph id 120 reused\n"}
,{"stream_name":"stderr","time":133.7353047,"data":"CUDA Graph id 119 reused\n"}
,{"stream_name":"stderr","time":133.735643004,"data":"CUDA Graph id 120 reused\n"}
,{"stream_name":"stderr","time":133.759382649,"data":"CUDA Graph id 119 reused\n"}
,{"stream_name":"stderr","time":133.759772904,"data":"CUDA Graph id 120 reused\n"}
,{"stream_name":"stderr","time":133.783838605,"data":"CUDA Graph id 119 reused\n"}
,{"stream_name":"stderr","time":133.784242956,"data":"CUDA Graph id 120 reused\n"}
,{"stream_name":"stderr","time":133.8084423,"data":"CUDA Graph id 119 reused\n"}
,{"stream_name":"stderr","time":133.808848847,"data":"CUDA Graph id 120 reused\n"}
,{"stream_name":"stderr","time":133.832777826,"data":"CUDA Graph id 119 reused\n"}
,{"stream_name":"stderr","time":133.833212361,"data":"CUDA Graph id 120 reused\n"}
,{"stream_name":"stderr","time":133.85697648,"data":"CUDA Graph id 119 reused\n"}
,{"stream_name":"stderr","time":133.857534407,"data":"CUDA Graph id 120 reused\n"}
,{"stream_name":"stderr","time":133.881272158,"data":"CUDA Graph id 119 reused\n"}
,{"stream_name":"stderr","time":133.881616924,"data":"CUDA Graph id 120 reused\n"}
,{"stream_name":"stderr","time":133.905899873,"data":"CUDA Graph id 119 reused\n"}
,{"stream_name":"stderr","time":133.906174461,"data":"CUDA Graph id 120 reused\n"}
,{"stream_name":"stderr","time":133.930629034,"data":"CUDA Graph id 119 reused\n"}
,{"stream_name":"stderr","time":133.930993875,"data":"CUDA Graph id 120 reused\n"}
,{"stream_name":"stderr","time":133.954970961,"data":"CUDA Graph id 119 reused\n"}
,{"stream_name":"stderr","time":133.955338442,"data":"CUDA Graph id 120 reused\n"}
,{"stream_name":"stderr","time":133.979153595,"data":"CUDA Graph id 119 reused\n"}
,{"stream_name":"stderr","time":133.979636085,"data":"CUDA Graph id 120 reused\n"}
,{"stream_name":"stderr","time":134.003367731,"data":"CUDA Graph id 119 reused\n"}
,{"stream_name":"stderr","time":134.003746446,"data":"CUDA Graph id 120 reused\n"}
,{"stream_name":"stderr","time":134.027875853,"data":"CUDA Graph id 119 reused\n"}
,{"stream_name":"stderr","time":134.028318605,"data":"CUDA Graph id 120 reused\n"}
,{"stream_name":"stderr","time":134.052607343,"data":"CUDA Graph id 119 reused\n"}
,{"stream_name":"stderr","time":134.052996239,"data":"CUDA Graph id 120 reused\n"}
,{"stream_name":"stderr","time":134.076934202,"data":"CUDA Graph id 119 reused\n"}
,{"stream_name":"stderr","time":134.077262343,"data":"CUDA Graph id 120 reused\n"}
,{"stream_name":"stderr","time":134.100930154,"data":"CUDA Graph id 119 reused\n"}
,{"stream_name":"stderr","time":134.101368869,"data":"CUDA Graph id 120 reused\n"}
,{"stream_name":"stderr","time":134.125263801,"data":"CUDA Graph id 119 reused\n"}
,{"stream_name":"stderr","time":134.125604944,"data":"CUDA Graph id 120 reused\n"}
,{"stream_name":"stderr","time":134.149934442,"data":"CUDA Graph id 119 reused\n"}
,{"stream_name":"stderr","time":134.150350234,"data":"CUDA Graph id 120 reused\n"}
,{"stream_name":"stderr","time":134.174617175,"data":"CUDA Graph id 119 reused\n"}
,{"stream_name":"stderr","time":134.175125963,"data":"CUDA Graph id 120 reused\n"}
,{"stream_name":"stderr","time":134.199080435,"data":"CUDA Graph id 119 reused\n"}
,{"stream_name":"stderr","time":134.19949528,"data":"CUDA Graph id 120 reused\n"}
,{"stream_name":"stderr","time":134.223176537,"data":"CUDA Graph id 119 reused\n"}
,{"stream_name":"stderr","time":134.223543717,"data":"CUDA Graph id 120 reused\n"}
,{"stream_name":"stderr","time":134.247505077,"data":"CUDA Graph id 119 reused\n"}
,{"stream_name":"stderr","time":134.24789259,"data":"CUDA Graph id 120 reused\n"}
,{"stream_name":"stderr","time":134.27204081,"data":"CUDA Graph id 119 reused\n"}
,{"stream_name":"stderr","time":134.272393963,"data":"CUDA Graph id 120 reused\n"}
,{"stream_name":"stderr","time":134.296608912,"data":"CUDA Graph id 119 reused\n"}
,{"stream_name":"stderr","time":134.297026039,"data":"CUDA Graph id 120 reused\n"}
,{"stream_name":"stderr","time":134.320896249,"data":"CUDA Graph id 119 reused\n"}
,{"stream_name":"stderr","time":134.321318292,"data":"CUDA Graph id 120 reused\n"}
,{"stream_name":"stderr","time":134.345090437,"data":"CUDA Graph id 119 reused\n"}
,{"stream_name":"stderr","time":134.345458916,"data":"CUDA Graph id 120 reused\n"}
,{"stream_name":"stderr","time":134.369435036,"data":"CUDA Graph id 119 reused\n"}
,{"stream_name":"stderr","time":134.369823058,"data":"CUDA Graph id 120 reused\n"}
,{"stream_name":"stderr","time":134.394059552,"data":"CUDA Graph id 119 reused\n"}
,{"stream_name":"stderr","time":134.394419219,"data":"CUDA Graph id 120 reused\n"}
,{"stream_name":"stderr","time":134.418868109,"data":"CUDA Graph id 119 reused\n"}
,{"stream_name":"stderr","time":134.419385219,"data":"CUDA Graph id 120 reused\n"}
,{"stream_name":"stderr","time":134.443275297,"data":"CUDA Graph id 119 reused\n"}
,{"stream_name":"stderr","time":134.443698722,"data":"CUDA Graph id 120 reused\n"}
,{"stream_name":"stderr","time":134.467495844,"data":"CUDA Graph id 119 reused\n"}
,{"stream_name":"stderr","time":134.467974166,"data":"CUDA Graph id 120 reused\n"}
,{"stream_name":"stderr","time":134.491990702,"data":"CUDA Graph id 119 reused\n"}
,{"stream_name":"stderr","time":134.49239111,"data":"CUDA Graph id 120 reused\n"}
,{"stream_name":"stderr","time":134.516573927,"data":"CUDA Graph id 119 reused\n"}
,{"stream_name":"stderr","time":134.517138664,"data":"CUDA Graph id 120 reused\n"}
,{"stream_name":"stderr","time":134.541199369,"data":"CUDA Graph id 119 reused\n"}
,{"stream_name":"stderr","time":134.541687398,"data":"CUDA Graph id 120 reused\n"}
,{"stream_name":"stderr","time":134.565343823,"data":"CUDA Graph id 119 reused\n"}
,{"stream_name":"stderr","time":134.565849231,"data":"CUDA Graph id 120 reused\n"}
,{"stream_name":"stderr","time":134.58954908,"data":"CUDA Graph id 119 reused\n"}
,{"stream_name":"stderr","time":134.590050606,"data":"CUDA Graph id 120 reused\n"}
,{"stream_name":"stderr","time":134.61398155,"data":"CUDA Graph id 119 reused\n"}
,{"stream_name":"stderr","time":134.614457004,"data":"CUDA Graph id 120 reused\n"}
,{"stream_name":"stderr","time":134.638711774,"data":"CUDA Graph id 119 reused\n"}
,{"stream_name":"stderr","time":134.639219769,"data":"CUDA Graph id 120 reused\n"}
,{"stream_name":"stderr","time":134.663285088,"data":"CUDA Graph id 119 reused\n"}
,{"stream_name":"stderr","time":134.663699794,"data":"CUDA Graph id 120 reused\n"}
,{"stream_name":"stderr","time":134.687540581,"data":"CUDA Graph id 119 reused\n"}
,{"stream_name":"stderr","time":134.68802277,"data":"CUDA Graph id 120 reused\n"}
,{"stream_name":"stderr","time":134.71167859,"data":"CUDA Graph id 119 reused\n"}
,{"stream_name":"stderr","time":134.712135448,"data":"CUDA Graph id 120 reused\n"}
,{"stream_name":"stderr","time":134.736345013,"data":"CUDA Graph id 119 reused\n"}
,{"stream_name":"stderr","time":134.736827048,"data":"CUDA Graph id 120 reused\n"}
,{"stream_name":"stderr","time":134.761226121,"data":"CUDA Graph id 119 reused\n"}
,{"stream_name":"stderr","time":134.761549605,"data":"CUDA Graph id 120 reused\n"}
,{"stream_name":"stderr","time":134.785703639,"data":"CUDA Graph id 119 reused\n"}
,{"stream_name":"stderr","time":134.786183014,"data":"CUDA Graph id 120 reused\n"}
,{"stream_name":"stderr","time":134.80980657,"data":"CUDA Graph id 119 reused\n"}
,{"stream_name":"stderr","time":134.810262702,"data":"CUDA Graph id 120 reused\n"}
,{"stream_name":"stderr","time":134.834018062,"data":"CUDA Graph id 119 reused\n"}
,{"stream_name":"stderr","time":134.834438855,"data":"CUDA Graph id 120 reused\n"}
,{"stream_name":"stderr","time":134.858680308,"data":"CUDA Graph id 119 reused\n"}
,{"stream_name":"stderr","time":134.859216908,"data":"CUDA Graph id 120 reused\n"}
,{"stream_name":"stderr","time":134.883710746,"data":"CUDA Graph id 119 reused\n"}
,{"stream_name":"stderr","time":134.884229708,"data":"CUDA Graph id 120 reused\n"}
,{"stream_name":"stderr","time":134.90819171,"data":"CUDA Graph id 119 reused\n"}
,{"stream_name":"stderr","time":134.908649278,"data":"CUDA Graph id 120 reused\n"}
,{"stream_name":"stderr","time":134.932387834,"data":"CUDA Graph id 119 reused\n"}
,{"stream_name":"stderr","time":134.932807917,"data":"CUDA Graph id 120 reused\n"}
,{"stream_name":"stderr","time":134.956774427,"data":"CUDA Graph id 119 reused\n"}
,{"stream_name":"stderr","time":134.95722182,"data":"CUDA Graph id 120 reused\n"}
,{"stream_name":"stderr","time":134.981421815,"data":"CUDA Graph id 119 reused\n"}
,{"stream_name":"stderr","time":134.981872598,"data":"CUDA Graph id 120 reused\n"}
,{"stream_name":"stderr","time":135.006228034,"data":"CUDA Graph id 119 reused\n"}
,{"stream_name":"stderr","time":135.006652216,"data":"CUDA Graph id 120 reused\n"}
,{"stream_name":"stderr","time":135.030651978,"data":"CUDA Graph id 119 reused\n"}
,{"stream_name":"stderr","time":135.031159965,"data":"CUDA Graph id 120 reused\n"}
,{"stream_name":"stderr","time":135.054839554,"data":"CUDA Graph id 119 reused\n"}
,{"stream_name":"stderr","time":135.055321173,"data":"CUDA Graph id 120 reused\n"}
,{"stream_name":"stderr","time":135.079286527,"data":"CUDA Graph id 119 reused\n"}
,{"stream_name":"stderr","time":135.07970105,"data":"CUDA Graph id 120 reused\n"}
,{"stream_name":"stderr","time":135.103983776,"data":"CUDA Graph id 119 reused\n"}
,{"stream_name":"stderr","time":135.104424589,"data":"CUDA Graph id 120 reused\n"}
,{"stream_name":"stderr","time":135.128711346,"data":"CUDA Graph id 119 reused\n"}
,{"stream_name":"stderr","time":135.129197169,"data":"CUDA Graph id 120 reused\n"}
,{"stream_name":"stderr","time":135.153158095,"data":"CUDA Graph id 119 reused\n"}
,{"stream_name":"stderr","time":135.153578802,"data":"CUDA Graph id 120 reused\n"}
,{"stream_name":"stderr","time":135.177436059,"data":"CUDA Graph id 119 reused\n"}
,{"stream_name":"stderr","time":135.177861176,"data":"CUDA Graph id 120 reused\n"}
,{"stream_name":"stderr","time":135.201836539,"data":"CUDA Graph id 119 reused\n"}
,{"stream_name":"stderr","time":135.202307081,"data":"CUDA Graph id 120 reused\n"}
,{"stream_name":"stderr","time":135.226521499,"data":"CUDA Graph id 119 reused\n"}
,{"stream_name":"stderr","time":135.226987441,"data":"CUDA Graph id 120 reused\n"}
,{"stream_name":"stderr","time":135.251168395,"data":"CUDA Graph id 119 reused\n"}
,{"stream_name":"stderr","time":135.251660448,"data":"CUDA Graph id 120 reused\n"}
,{"stream_name":"stderr","time":135.275564965,"data":"CUDA Graph id 119 reused\n"}
,{"stream_name":"stderr","time":135.2759745,"data":"CUDA Graph id 120 reused\n"}
,{"stream_name":"stderr","time":135.299832504,"data":"CUDA Graph id 119 reused\n"}
,{"stream_name":"stderr","time":135.300280144,"data":"CUDA Graph id 120 reused\n"}
,{"stream_name":"stderr","time":135.324375811,"data":"CUDA Graph id 119 reused\n"}
,{"stream_name":"stderr","time":135.324796371,"data":"CUDA Graph id 120 reused\n"}
,{"stream_name":"stderr","time":135.350772181,"data":"ggml_backend_cuda_graph_compute: CUDA graph warmup reset\n"}
,{"stream_name":"stderr","time":135.353221517,"data":"ggml_backend_cuda_graph_compute: CUDA graph warmup reset\n"}
,{"stream_name":"stderr","time":135.376518568,"data":"CUDA Graph id 123 reused\n"}
,{"stream_name":"stderr","time":135.376560715,"data":"ggml_backend_cuda_graph_compute: CUDA graph warmup complete\n"}
,{"stream_name":"stderr","time":135.378713593,"data":"CUDA Graph id 124 reused\n"}
,{"stream_name":"stderr","time":135.378746685,"data":"ggml_backend_cuda_graph_compute: CUDA graph warmup complete\n"}
,{"stream_name":"stderr","time":135.403633215,"data":"CUDA Graph id 123 reused\n"}
,{"stream_name":"stderr","time":135.404108203,"data":"CUDA Graph id 124 reused\n"}
,{"stream_name":"stderr","time":135.429262604,"data":"CUDA Graph id 123 reused\n"}
,{"stream_name":"stderr","time":135.42974689,"data":"CUDA Graph id 124 reused\n"}
,{"stream_name":"stderr","time":135.454925003,"data":"CUDA Graph id 123 reused\n"}
,{"stream_name":"stderr","time":135.455425707,"data":"CUDA Graph id 124 reused\n"}
,{"stream_name":"stderr","time":135.480422712,"data":"CUDA Graph id 123 reused\n"}
,{"stream_name":"stderr","time":135.480853332,"data":"CUDA Graph id 124 reused\n"}
,{"stream_name":"stderr","time":135.505903844,"data":"CUDA Graph id 123 reused\n"}
,{"stream_name":"stderr","time":135.506376695,"data":"CUDA Graph id 124 reused\n"}
,{"stream_name":"stderr","time":135.531618823,"data":"CUDA Graph id 123 reused\n"}
,{"stream_name":"stderr","time":135.532129666,"data":"CUDA Graph id 124 reused\n"}
,{"stream_name":"stderr","time":135.557372098,"data":"CUDA Graph id 123 reused\n"}
,{"stream_name":"stderr","time":135.557795012,"data":"CUDA Graph id 124 reused\n"}
,{"stream_name":"stderr","time":135.582777039,"data":"CUDA Graph id 123 reused\n"}
,{"stream_name":"stderr","time":135.583242385,"data":"CUDA Graph id 124 reused\n"}
,{"stream_name":"stderr","time":135.608379069,"data":"CUDA Graph id 123 reused\n"}
,{"stream_name":"stderr","time":135.608903523,"data":"CUDA Graph id 124 reused\n"}
,{"stream_name":"stderr","time":135.634163128,"data":"CUDA Graph id 123 reused\n"}
,{"stream_name":"stderr","time":135.634651769,"data":"CUDA Graph id 124 reused\n"}
,{"stream_name":"stderr","time":135.659753261,"data":"CUDA Graph id 123 reused\n"}
,{"stream_name":"stderr","time":135.660191265,"data":"CUDA Graph id 124 reused\n"}
,{"stream_name":"stderr","time":135.685061675,"data":"CUDA Graph id 123 reused\n"}
,{"stream_name":"stderr","time":135.685520702,"data":"CUDA Graph id 124 reused\n"}
,{"stream_name":"stderr","time":135.710892952,"data":"CUDA Graph id 123 reused\n"}
,{"stream_name":"stderr","time":135.711572077,"data":"CUDA Graph id 124 reused\n"}
,{"stream_name":"stderr","time":135.736817779,"data":"CUDA Graph id 123 reused\n"}
,{"stream_name":"stderr","time":135.737348321,"data":"CUDA Graph id 124 reused\n"}
,{"stream_name":"stderr","time":135.762470166,"data":"CUDA Graph id 123 reused\n"}
,{"stream_name":"stderr","time":135.763099985,"data":"CUDA Graph id 124 reused\n"}
,{"stream_name":"stderr","time":135.787932027,"data":"CUDA Graph id 123 reused\n"}
,{"stream_name":"stderr","time":135.788405751,"data":"CUDA Graph id 124 reused\n"}
,{"stream_name":"stderr","time":135.813677992,"data":"CUDA Graph id 123 reused\n"}
,{"stream_name":"stderr","time":135.814138456,"data":"CUDA Graph id 124 reused\n"}
,{"stream_name":"stderr","time":135.839530253,"data":"CUDA Graph id 123 reused\n"}
,{"stream_name":"stderr","time":135.839995281,"data":"CUDA Graph id 124 reused\n"}
,{"stream_name":"stderr","time":135.864953864,"data":"CUDA Graph id 123 reused\n"}
,{"stream_name":"stderr","time":135.865453792,"data":"CUDA Graph id 124 reused\n"}
,{"stream_name":"stderr","time":135.89062842,"data":"CUDA Graph id 123 reused\n"}
,{"stream_name":"stderr","time":135.89116778,"data":"CUDA Graph id 124 reused\n"}
,{"stream_name":"stderr","time":135.91637931100001,"data":"CUDA Graph id 123 reused\n"}
,{"stream_name":"stderr","time":135.916929832,"data":"CUDA Graph id 124 reused\n"}
,{"stream_name":"stderr","time":135.942297011,"data":"CUDA Graph id 123 reused\n"}
,{"stream_name":"stderr","time":135.942744147,"data":"CUDA Graph id 124 reused\n"}
,{"stream_name":"stderr","time":135.967785122,"data":"CUDA Graph id 123 reused\n"}
,{"stream_name":"stderr","time":135.968273937,"data":"CUDA Graph id 124 reused\n"}
,{"stream_name":"stderr","time":135.993462706,"data":"CUDA Graph id 123 reused\n"}
,{"stream_name":"stderr","time":135.993914991,"data":"CUDA Graph id 124 reused\n"}
,{"stream_name":"stderr","time":136.019259928,"data":"CUDA Graph id 123 reused\n"}
,{"stream_name":"stderr","time":136.019681959,"data":"CUDA Graph id 124 reused\n"}
,{"stream_name":"stderr","time":136.045123012,"data":"CUDA Graph id 123 reused\n"}
,{"stream_name":"stderr","time":136.045617947,"data":"CUDA Graph id 124 reused\n"}
,{"stream_name":"stderr","time":136.070679502,"data":"CUDA Graph id 123 reused\n"}
,{"stream_name":"stderr","time":136.071195499,"data":"CUDA Graph id 124 reused\n"}
,{"stream_name":"stderr","time":136.096526897,"data":"CUDA Graph id 123 reused\n"}
,{"stream_name":"stderr","time":136.097047837,"data":"CUDA Graph id 124 reused\n"}
,{"stream_name":"stderr","time":136.122506797,"data":"CUDA Graph id 123 reused\n"}
,{"stream_name":"stderr","time":136.122956704,"data":"CUDA Graph id 124 reused\n"}
,{"stream_name":"stderr","time":136.147992274,"data":"CUDA Graph id 123 reused\n"}
,{"stream_name":"stderr","time":136.148486021,"data":"CUDA Graph id 124 reused\n"}
,{"stream_name":"stderr","time":136.173441622,"data":"CUDA Graph id 123 reused\n"}
,{"stream_name":"stderr","time":136.173925241,"data":"CUDA Graph id 124 reused\n"}
,{"stream_name":"stderr","time":136.19920926,"data":"CUDA Graph id 123 reused\n"}
,{"stream_name":"stderr","time":136.199642104,"data":"CUDA Graph id 124 reused\n"}
,{"stream_name":"stderr","time":136.225172829,"data":"CUDA Graph id 123 reused\n"}
,{"stream_name":"stderr","time":136.225582011,"data":"CUDA Graph id 124 reused\n"}
,{"stream_name":"stderr","time":136.25060281,"data":"CUDA Graph id 123 reused\n"}
,{"stream_name":"stderr","time":136.251100977,"data":"CUDA Graph id 124 reused\n"}
,{"stream_name":"stderr","time":136.276163986,"data":"CUDA Graph id 123 reused\n"}
,{"stream_name":"stderr","time":136.276623375,"data":"CUDA Graph id 124 reused\n"}
,{"stream_name":"stderr","time":136.302102886,"data":"CUDA Graph id 123 reused\n"}
,{"stream_name":"stderr","time":136.302550729,"data":"CUDA Graph id 124 reused\n"}
,{"stream_name":"stderr","time":136.327941257,"data":"CUDA Graph id 123 reused\n"}
,{"stream_name":"stderr","time":136.328402967,"data":"CUDA Graph id 124 reused\n"}
,{"stream_name":"stderr","time":136.353404309,"data":"CUDA Graph id 123 reused\n"}
,{"stream_name":"stderr","time":136.353844071,"data":"CUDA Graph id 124 reused\n"}
,{"stream_name":"stderr","time":136.37913402,"data":"CUDA Graph id 123 reused\n"}
,{"stream_name":"stderr","time":136.379555727,"data":"CUDA Graph id 124 reused\n"}
,{"stream_name":"stderr","time":136.404958712,"data":"CUDA Graph id 123 reused\n"}
,{"stream_name":"stderr","time":136.405411028,"data":"CUDA Graph id 124 reused\n"}
,{"stream_name":"stderr","time":136.430506868,"data":"CUDA Graph id 123 reused\n"}
,{"stream_name":"stderr","time":136.431038671,"data":"CUDA Graph id 124 reused\n"}
,{"stream_name":"stderr","time":136.456029055,"data":"CUDA Graph id 123 reused\n"}
,{"stream_name":"stderr","time":136.45648834,"data":"CUDA Graph id 124 reused\n"}
,{"stream_name":"stderr","time":136.481887949,"data":"CUDA Graph id 123 reused\n"}
,{"stream_name":"stderr","time":136.482235278,"data":"CUDA Graph id 124 reused\n"}
,{"stream_name":"stderr","time":136.507733206,"data":"CUDA Graph id 123 reused\n"}
,{"stream_name":"stderr","time":136.508145584,"data":"CUDA Graph id 124 reused\n"}
,{"stream_name":"stderr","time":136.533238777,"data":"CUDA Graph id 123 reused\n"}
,{"stream_name":"stderr","time":136.533661046,"data":"CUDA Graph id 124 reused\n"}
,{"stream_name":"stderr","time":136.558703895,"data":"CUDA Graph id 123 reused\n"}
,{"stream_name":"stderr","time":136.559151262,"data":"CUDA Graph id 124 reused\n"}
,{"stream_name":"stderr","time":136.584500913,"data":"CUDA Graph id 123 reused\n"}
,{"stream_name":"stderr","time":136.584989613,"data":"CUDA Graph id 124 reused\n"}
,{"stream_name":"stderr","time":136.6103109,"data":"CUDA Graph id 123 reused\n"}
,{"stream_name":"stderr","time":136.610685296,"data":"CUDA Graph id 124 reused\n"}
,{"stream_name":"stderr","time":136.635809246,"data":"CUDA Graph id 123 reused\n"}
,{"stream_name":"stderr","time":136.636305412,"data":"CUDA Graph id 124 reused\n"}
,{"stream_name":"stderr","time":136.661404354,"data":"CUDA Graph id 123 reused\n"}
,{"stream_name":"stderr","time":136.6618325,"data":"CUDA Graph id 124 reused\n"}
,{"stream_name":"stderr","time":136.687299258,"data":"CUDA Graph id 123 reused\n"}
,{"stream_name":"stderr","time":136.68776908,"data":"CUDA Graph id 124 reused\n"}
,{"stream_name":"stderr","time":136.713202087,"data":"CUDA Graph id 123 reused\n"}
,{"stream_name":"stderr","time":136.713543358,"data":"CUDA Graph id 124 reused\n"}
,{"stream_name":"stderr","time":136.738622787,"data":"CUDA Graph id 123 reused\n"}
,{"stream_name":"stderr","time":136.739090997,"data":"CUDA Graph id 124 reused\n"}
,{"stream_name":"stderr","time":136.764436302,"data":"CUDA Graph id 123 reused\n"}
,{"stream_name":"stderr","time":136.764848795,"data":"CUDA Graph id 124 reused\n"}
,{"stream_name":"stderr","time":136.790321942,"data":"CUDA Graph id 123 reused\n"}
,{"stream_name":"stderr","time":136.790696628,"data":"CUDA Graph id 124 reused\n"}
,{"stream_name":"stderr","time":136.816117383,"data":"CUDA Graph id 123 reused\n"}
,{"stream_name":"stderr","time":136.816475528,"data":"CUDA Graph id 124 reused\n"}
,{"stream_name":"stderr","time":136.841650462,"data":"CUDA Graph id 123 reused\n"}
,{"stream_name":"stderr","time":136.842024168,"data":"CUDA Graph id 124 reused\n"}
,{"stream_name":"stderr","time":136.867459883,"data":"CUDA Graph id 123 reused\n"}
,{"stream_name":"stderr","time":136.868093671,"data":"CUDA Graph id 124 reused\n"}
,{"stream_name":"stderr","time":136.893593092,"data":"CUDA Graph id 123 reused\n"}
,{"stream_name":"stderr","time":136.893987882,"data":"CUDA Graph id 124 reused\n"}
,{"stream_name":"stderr","time":136.919196402,"data":"CUDA Graph id 123 reused\n"}
,{"stream_name":"stderr","time":136.919587935,"data":"CUDA Graph id 124 reused\n"}
,{"stream_name":"stderr","time":136.94474263,"data":"CUDA Graph id 123 reused\n"}
,{"stream_name":"stderr","time":136.945128844,"data":"CUDA Graph id 124 reused\n"}
,{"stream_name":"stderr","time":136.970569833,"data":"CUDA Graph id 123 reused\n"}
,{"stream_name":"stderr","time":136.970986881,"data":"CUDA Graph id 124 reused\n"}
,{"stream_name":"stderr","time":136.99657684,"data":"CUDA Graph id 123 reused\n"}
,{"stream_name":"stderr","time":136.997029075,"data":"CUDA Graph id 124 reused\n"}
,{"stream_name":"stderr","time":137.022277624,"data":"CUDA Graph id 123 reused\n"}
,{"stream_name":"stderr","time":137.022789087,"data":"CUDA Graph id 124 reused\n"}
,{"stream_name":"stderr","time":137.048020454,"data":"CUDA Graph id 123 reused\n"}
,{"stream_name":"stderr","time":137.04843861,"data":"CUDA Graph id 124 reused\n"}
,{"stream_name":"stderr","time":137.07402327,"data":"CUDA Graph id 123 reused\n"}
,{"stream_name":"stderr","time":137.074392115,"data":"CUDA Graph id 124 reused\n"}
,{"stream_name":"stderr","time":137.099663745,"data":"CUDA Graph id 123 reused\n"}
,{"stream_name":"stderr","time":137.10007526,"data":"CUDA Graph id 124 reused\n"}
,{"stream_name":"stderr","time":137.125182579,"data":"CUDA Graph id 123 reused\n"}
,{"stream_name":"stderr","time":137.125609068,"data":"CUDA Graph id 124 reused\n"}
,{"stream_name":"stderr","time":137.151042846,"data":"CUDA Graph id 123 reused\n"}
,{"stream_name":"stderr","time":137.151349992,"data":"CUDA Graph id 124 reused\n"}
,{"stream_name":"stderr","time":137.176779554,"data":"CUDA Graph id 123 reused\n"}
,{"stream_name":"stderr","time":137.177173445,"data":"CUDA Graph id 124 reused\n"}
,{"stream_name":"stderr","time":137.202535909,"data":"CUDA Graph id 123 reused\n"}
,{"stream_name":"stderr","time":137.202992008,"data":"CUDA Graph id 124 reused\n"}
,{"stream_name":"stderr","time":137.228001269,"data":"CUDA Graph id 123 reused\n"}
,{"stream_name":"stderr","time":137.228376276,"data":"CUDA Graph id 124 reused\n"}
,{"stream_name":"stderr","time":137.253860248,"data":"CUDA Graph id 123 reused\n"}
,{"stream_name":"stderr","time":137.254326044,"data":"CUDA Graph id 124 reused\n"}
,{"stream_name":"stderr","time":137.279796305,"data":"CUDA Graph id 123 reused\n"}
,{"stream_name":"stderr","time":137.280338154,"data":"CUDA Graph id 124 reused\n"}
,{"stream_name":"stderr","time":137.305373128,"data":"CUDA Graph id 123 reused\n"}
,{"stream_name":"stderr","time":137.305747417,"data":"CUDA Graph id 124 reused\n"}
,{"stream_name":"stderr","time":137.331005296,"data":"CUDA Graph id 123 reused\n"}
,{"stream_name":"stderr","time":137.331390364,"data":"CUDA Graph id 124 reused\n"}
,{"stream_name":"stderr","time":137.356848644,"data":"CUDA Graph id 123 reused\n"}
,{"stream_name":"stderr","time":137.35727457,"data":"CUDA Graph id 124 reused\n"}
,{"stream_name":"stderr","time":137.382701107,"data":"CUDA Graph id 123 reused\n"}
,{"stream_name":"stderr","time":137.383102434,"data":"CUDA Graph id 124 reused\n"}
,{"stream_name":"stderr","time":137.408310459,"data":"CUDA Graph id 123 reused\n"}
,{"stream_name":"stderr","time":137.408656077,"data":"CUDA Graph id 124 reused\n"}
,{"stream_name":"stderr","time":137.433990198,"data":"CUDA Graph id 123 reused\n"}
,{"stream_name":"stderr","time":137.434518501,"data":"CUDA Graph id 124 reused\n"}
,{"stream_name":"stderr","time":137.459970205,"data":"CUDA Graph id 123 reused\n"}
,{"stream_name":"stderr","time":137.460367589,"data":"CUDA Graph id 124 reused\n"}
,{"stream_name":"stderr","time":137.485656169,"data":"CUDA Graph id 123 reused\n"}
,{"stream_name":"stderr","time":137.486094407,"data":"CUDA Graph id 124 reused\n"}
,{"stream_name":"stderr","time":137.511252176,"data":"CUDA Graph id 123 reused\n"}
,{"stream_name":"stderr","time":137.511683597,"data":"CUDA Graph id 124 reused\n"}
,{"stream_name":"stderr","time":137.537205428,"data":"CUDA Graph id 123 reused\n"}
,{"stream_name":"stderr","time":137.537598866,"data":"CUDA Graph id 124 reused\n"}
,{"stream_name":"stderr","time":137.563232847,"data":"CUDA Graph id 123 reused\n"}
,{"stream_name":"stderr","time":137.563590795,"data":"CUDA Graph id 124 reused\n"}
,{"stream_name":"stderr","time":137.588793331,"data":"CUDA Graph id 123 reused\n"}
,{"stream_name":"stderr","time":137.589177218,"data":"CUDA Graph id 124 reused\n"}
,{"stream_name":"stderr","time":137.614396739,"data":"CUDA Graph id 123 reused\n"}
,{"stream_name":"stderr","time":137.614869632,"data":"CUDA Graph id 124 reused\n"}
,{"stream_name":"stderr","time":137.640279432,"data":"CUDA Graph id 123 reused\n"}
,{"stream_name":"stderr","time":137.640704975,"data":"CUDA Graph id 124 reused\n"}
,{"stream_name":"stderr","time":137.666494258,"data":"CUDA Graph id 123 reused\n"}
,{"stream_name":"stderr","time":137.666880096,"data":"CUDA Graph id 124 reused\n"}
,{"stream_name":"stderr","time":137.691986671,"data":"CUDA Graph id 123 reused\n"}
,{"stream_name":"stderr","time":137.692393484,"data":"CUDA Graph id 124 reused\n"}
,{"stream_name":"stderr","time":137.717858148,"data":"CUDA Graph id 123 reused\n"}
,{"stream_name":"stderr","time":137.718301661,"data":"CUDA Graph id 124 reused\n"}
,{"stream_name":"stderr","time":137.743865848,"data":"CUDA Graph id 123 reused\n"}
,{"stream_name":"stderr","time":137.744369806,"data":"CUDA Graph id 124 reused\n"}
,{"stream_name":"stderr","time":137.769651087,"data":"CUDA Graph id 123 reused\n"}
,{"stream_name":"stderr","time":137.770129394,"data":"CUDA Graph id 124 reused\n"}
,{"stream_name":"stderr","time":137.795590153,"data":"CUDA Graph id 123 reused\n"}
,{"stream_name":"stderr","time":137.796105661,"data":"CUDA Graph id 124 reused\n"}
,{"stream_name":"stderr","time":137.821484644,"data":"CUDA Graph id 123 reused\n"}
,{"stream_name":"stderr","time":137.821985067,"data":"CUDA Graph id 124 reused\n"}
,{"stream_name":"stderr","time":137.847478913,"data":"CUDA Graph id 123 reused\n"}
,{"stream_name":"stderr","time":137.848008339,"data":"CUDA Graph id 124 reused\n"}
,{"stream_name":"stderr","time":137.873210878,"data":"CUDA Graph id 123 reused\n"}
,{"stream_name":"stderr","time":137.873567395,"data":"CUDA Graph id 124 reused\n"}
,{"stream_name":"stderr","time":137.898906894,"data":"CUDA Graph id 123 reused\n"}
,{"stream_name":"stderr","time":137.899314679,"data":"CUDA Graph id 124 reused\n"}
,{"stream_name":"stderr","time":137.924674,"data":"CUDA Graph id 123 reused\n"}
,{"stream_name":"stderr","time":137.925058031,"data":"CUDA Graph id 124 reused\n"}
,{"stream_name":"stderr","time":137.950554446,"data":"CUDA Graph id 123 reused\n"}
,{"stream_name":"stderr","time":137.950936069,"data":"CUDA Graph id 124 reused\n"}
,{"stream_name":"stderr","time":137.97611437,"data":"CUDA Graph id 123 reused\n"}
,{"stream_name":"stderr","time":137.976446064,"data":"CUDA Graph id 124 reused\n"}
,{"stream_name":"stderr","time":138.001911978,"data":"CUDA Graph id 123 reused\n"}
,{"stream_name":"stderr","time":138.002436211,"data":"CUDA Graph id 124 reused\n"}
,{"stream_name":"stderr","time":138.02791891,"data":"CUDA Graph id 123 reused\n"}
,{"stream_name":"stderr","time":138.028343913,"data":"CUDA Graph id 124 reused\n"}
,{"stream_name":"stderr","time":138.053686344,"data":"CUDA Graph id 123 reused\n"}
,{"stream_name":"stderr","time":138.054093583,"data":"CUDA Graph id 124 reused\n"}
,{"stream_name":"stderr","time":138.079327783,"data":"CUDA Graph id 123 reused\n"}
,{"stream_name":"stderr","time":138.079607355,"data":"CUDA Graph id 124 reused\n"}
,{"stream_name":"stderr","time":138.105019116,"data":"CUDA Graph id 123 reused\n"}
,{"stream_name":"stderr","time":138.105515209,"data":"CUDA Graph id 124 reused\n"}
,{"stream_name":"stderr","time":138.131051152,"data":"CUDA Graph id 123 reused\n"}
,{"stream_name":"stderr","time":138.131446958,"data":"CUDA Graph id 124 reused\n"}
,{"stream_name":"stderr","time":138.156746749,"data":"CUDA Graph id 123 reused\n"}
,{"stream_name":"stderr","time":138.157104775,"data":"CUDA Graph id 124 reused\n"}
,{"stream_name":"stderr","time":138.182441054,"data":"CUDA Graph id 123 reused\n"}
,{"stream_name":"stderr","time":138.182859212,"data":"CUDA Graph id 124 reused\n"}
,{"stream_name":"stderr","time":138.208243326,"data":"CUDA Graph id 123 reused\n"}
,{"stream_name":"stderr","time":138.208805302,"data":"CUDA Graph id 124 reused\n"}
,{"stream_name":"stderr","time":138.234263443,"data":"CUDA Graph id 123 reused\n"}
,{"stream_name":"stderr","time":138.23470098,"data":"CUDA Graph id 124 reused\n"}
,{"stream_name":"stderr","time":138.259884193,"data":"CUDA Graph id 123 reused\n"}
,{"stream_name":"stderr","time":138.260354636,"data":"CUDA Graph id 124 reused\n"}
,{"stream_name":"stderr","time":138.285799003,"data":"CUDA Graph id 123 reused\n"}
,{"stream_name":"stderr","time":138.286220259,"data":"CUDA Graph id 124 reused\n"}
,{"stream_name":"stderr","time":138.31179419,"data":"CUDA Graph id 123 reused\n"}
,{"stream_name":"stderr","time":138.312320683,"data":"CUDA Graph id 124 reused\n"}
,{"stream_name":"stderr","time":138.337562273,"data":"CUDA Graph id 123 reused\n"}
,{"stream_name":"stderr","time":138.338008984,"data":"CUDA Graph id 124 reused\n"}
,{"stream_name":"stderr","time":138.363216911,"data":"CUDA Graph id 123 reused\n"}
,{"stream_name":"stderr","time":138.363560352,"data":"CUDA Graph id 124 reused\n"}
,{"stream_name":"stderr","time":138.389135372,"data":"CUDA Graph id 123 reused\n"}
,{"stream_name":"stderr","time":138.389525194,"data":"CUDA Graph id 124 reused\n"}
,{"stream_name":"stderr","time":138.415211066,"data":"CUDA Graph id 123 reused\n"}
,{"stream_name":"stderr","time":138.415567303,"data":"CUDA Graph id 124 reused\n"}
,{"stream_name":"stderr","time":138.440965367,"data":"CUDA Graph id 123 reused\n"}
,{"stream_name":"stderr","time":138.441318972,"data":"CUDA Graph id 124 reused\n"}
,{"stream_name":"stderr","time":138.466681076,"data":"CUDA Graph id 123 reused\n"}
,{"stream_name":"stderr","time":138.467074599,"data":"CUDA Graph id 124 reused\n"}
,{"stream_name":"stderr","time":138.492691971,"data":"CUDA Graph id 123 reused\n"}
,{"stream_name":"stderr","time":138.492963322,"data":"CUDA Graph id 124 reused\n"}
,{"stream_name":"stderr","time":138.518576426,"data":"CUDA Graph id 123 reused\n"}
,{"stream_name":"stderr","time":138.519046123,"data":"CUDA Graph id 124 reused\n"}
,{"stream_name":"stderr","time":138.544384225,"data":"CUDA Graph id 123 reused\n"}
,{"stream_name":"stderr","time":138.544656623,"data":"CUDA Graph id 124 reused\n"}
,{"stream_name":"stderr","time":138.57031644,"data":"CUDA Graph id 123 reused\n"}
,{"stream_name":"stderr","time":138.570659332,"data":"CUDA Graph id 124 reused\n"}
,{"stream_name":"stderr","time":138.596415074,"data":"CUDA Graph id 123 reused\n"}
,{"stream_name":"stderr","time":138.596622099,"data":"CUDA Graph id 124 reused\n"}
,{"stream_name":"stderr","time":138.622155028,"data":"CUDA Graph id 123 reused\n"}
,{"stream_name":"stderr","time":138.622513308,"data":"CUDA Graph id 124 reused\n"}
,{"stream_name":"stderr","time":138.647877232,"data":"CUDA Graph id 123 reused\n"}
,{"stream_name":"stderr","time":138.648191147,"data":"CUDA Graph id 124 reused\n"}
,{"stream_name":"stderr","time":138.673754976,"data":"CUDA Graph id 123 reused\n"}
,{"stream_name":"stderr","time":138.674159498,"data":"CUDA Graph id 124 reused\n"}
,{"stream_name":"stderr","time":138.699729862,"data":"CUDA Graph id 123 reused\n"}
,{"stream_name":"stderr","time":138.700164436,"data":"CUDA Graph id 124 reused\n"}
,{"stream_name":"stderr","time":138.725549018,"data":"CUDA Graph id 123 reused\n"}
,{"stream_name":"stderr","time":138.725818544,"data":"CUDA Graph id 124 reused\n"}
,{"stream_name":"stderr","time":138.751284178,"data":"CUDA Graph id 123 reused\n"}
,{"stream_name":"stderr","time":138.751636691,"data":"CUDA Graph id 124 reused\n"}
,{"stream_name":"stderr","time":138.777277184,"data":"CUDA Graph id 123 reused\n"}
,{"stream_name":"stderr","time":138.777512424,"data":"CUDA Graph id 124 reused\n"}
,{"stream_name":"stderr","time":138.803105794,"data":"CUDA Graph id 123 reused\n"}
,{"stream_name":"stderr","time":138.803414428,"data":"CUDA Graph id 124 reused\n"}
,{"stream_name":"stderr","time":138.828795826,"data":"CUDA Graph id 123 reused\n"}
,{"stream_name":"stderr","time":138.829182932,"data":"CUDA Graph id 124 reused\n"}
,{"stream_name":"stderr","time":138.854831152,"data":"CUDA Graph id 123 reused\n"}
,{"stream_name":"stderr","time":138.855142361,"data":"CUDA Graph id 124 reused\n"}
,{"stream_name":"stderr","time":138.880943595,"data":"CUDA Graph id 123 reused\n"}
,{"stream_name":"stderr","time":138.881204853,"data":"CUDA Graph id 124 reused\n"}
,{"stream_name":"stderr","time":138.906624664,"data":"CUDA Graph id 123 reused\n"}
,{"stream_name":"stderr","time":138.90711031,"data":"CUDA Graph id 124 reused\n"}
,{"stream_name":"stderr","time":138.932481456,"data":"CUDA Graph id 123 reused\n"}
,{"stream_name":"stderr","time":138.932895922,"data":"CUDA Graph id 124 reused\n"}
,{"stream_name":"stderr","time":138.95852189,"data":"CUDA Graph id 123 reused\n"}
,{"stream_name":"stderr","time":138.958812539,"data":"CUDA Graph id 124 reused\n"}
,{"stream_name":"stderr","time":138.984595292,"data":"CUDA Graph id 123 reused\n"}
,{"stream_name":"stderr","time":138.985044097,"data":"CUDA Graph id 124 reused\n"}
,{"stream_name":"stderr","time":139.010441676,"data":"CUDA Graph id 123 reused\n"}
,{"stream_name":"stderr","time":139.010749175,"data":"CUDA Graph id 124 reused\n"}
,{"stream_name":"stderr","time":139.036397313,"data":"CUDA Graph id 123 reused\n"}
,{"stream_name":"stderr","time":139.036807288,"data":"CUDA Graph id 124 reused\n"}
,{"stream_name":"stderr","time":139.062569819,"data":"CUDA Graph id 123 reused\n"}
,{"stream_name":"stderr","time":139.062822835,"data":"CUDA Graph id 124 reused\n"}
,{"stream_name":"stderr","time":139.088400707,"data":"CUDA Graph id 123 reused\n"}
,{"stream_name":"stderr","time":139.088789984,"data":"CUDA Graph id 124 reused\n"}
,{"stream_name":"stderr","time":139.114185446,"data":"CUDA Graph id 123 reused\n"}
,{"stream_name":"stderr","time":139.11447856,"data":"CUDA Graph id 124 reused\n"}
,{"stream_name":"stderr","time":139.139959086,"data":"CUDA Graph id 123 reused\n"}
,{"stream_name":"stderr","time":139.14037627,"data":"CUDA Graph id 124 reused\n"}
,{"stream_name":"stderr","time":139.166227163,"data":"CUDA Graph id 123 reused\n"}
,{"stream_name":"stderr","time":139.166514539,"data":"CUDA Graph id 124 reused\n"}
,{"stream_name":"stderr","time":139.192028413,"data":"CUDA Graph id 123 reused\n"}
,{"stream_name":"stderr","time":139.192421327,"data":"CUDA Graph id 124 reused\n"}
,{"stream_name":"stderr","time":139.217877846,"data":"CUDA Graph id 123 reused\n"}
,{"stream_name":"stderr","time":139.218285729,"data":"CUDA Graph id 124 reused\n"}
,{"stream_name":"stderr","time":139.243847928,"data":"CUDA Graph id 123 reused\n"}
,{"stream_name":"stderr","time":139.244269746,"data":"CUDA Graph id 124 reused\n"}
,{"stream_name":"stderr","time":139.269787133,"data":"CUDA Graph id 123 reused\n"}
,{"stream_name":"stderr","time":139.270162625,"data":"CUDA Graph id 124 reused\n"}
,{"stream_name":"stderr","time":139.295382026,"data":"CUDA Graph id 123 reused\n"}
,{"stream_name":"stderr","time":139.295810277,"data":"CUDA Graph id 124 reused\n"}
,{"stream_name":"stderr","time":139.321375128,"data":"CUDA Graph id 123 reused\n"}
,{"stream_name":"stderr","time":139.321771198,"data":"CUDA Graph id 124 reused\n"}
,{"stream_name":"stderr","time":139.347490006,"data":"CUDA Graph id 123 reused\n"}
,{"stream_name":"stderr","time":139.347914857,"data":"CUDA Graph id 124 reused\n"}
,{"stream_name":"stderr","time":139.373253617,"data":"CUDA Graph id 123 reused\n"}
,{"stream_name":"stderr","time":139.373585663,"data":"CUDA Graph id 124 reused\n"}
,{"stream_name":"stderr","time":139.398991849,"data":"CUDA Graph id 123 reused\n"}
,{"stream_name":"stderr","time":139.399381327,"data":"CUDA Graph id 124 reused\n"}
,{"stream_name":"stderr","time":139.42496118,"data":"CUDA Graph id 123 reused\n"}
,{"stream_name":"stderr","time":139.425367672,"data":"CUDA Graph id 124 reused\n"}
,{"stream_name":"stderr","time":139.451061277,"data":"CUDA Graph id 123 reused\n"}
,{"stream_name":"stderr","time":139.45144557,"data":"CUDA Graph id 124 reused\n"}
,{"stream_name":"stderr","time":139.476769906,"data":"CUDA Graph id 123 reused\n"}
,{"stream_name":"stderr","time":139.477291767,"data":"CUDA Graph id 124 reused\n"}
,{"stream_name":"stderr","time":139.50278045,"data":"CUDA Graph id 123 reused\n"}
,{"stream_name":"stderr","time":139.503142588,"data":"CUDA Graph id 124 reused\n"}
,{"stream_name":"stderr","time":139.528821383,"data":"CUDA Graph id 123 reused\n"}
,{"stream_name":"stderr","time":139.529299014,"data":"CUDA Graph id 124 reused\n"}
,{"stream_name":"stderr","time":139.554619821,"data":"CUDA Graph id 123 reused\n"}
,{"stream_name":"stderr","time":139.555070171,"data":"CUDA Graph id 124 reused\n"}
,{"stream_name":"stderr","time":139.580287347,"data":"CUDA Graph id 123 reused\n"}
,{"stream_name":"stderr","time":139.580677266,"data":"CUDA Graph id 124 reused\n"}
,{"stream_name":"stderr","time":139.60627335,"data":"CUDA Graph id 123 reused\n"}
,{"stream_name":"stderr","time":139.606606107,"data":"CUDA Graph id 124 reused\n"}
,{"stream_name":"stderr","time":139.632367038,"data":"CUDA Graph id 123 reused\n"}
,{"stream_name":"stderr","time":139.632797799,"data":"CUDA Graph id 124 reused\n"}
,{"stream_name":"stderr","time":139.658206945,"data":"CUDA Graph id 123 reused\n"}
,{"stream_name":"stderr","time":139.658563195,"data":"CUDA Graph id 124 reused\n"}
,{"stream_name":"stderr","time":139.684175456,"data":"CUDA Graph id 123 reused\n"}
,{"stream_name":"stderr","time":139.684604991,"data":"CUDA Graph id 124 reused\n"}
,{"stream_name":"stderr","time":139.710127491,"data":"CUDA Graph id 123 reused\n"}
,{"stream_name":"stderr","time":139.710546271,"data":"CUDA Graph id 124 reused\n"}
,{"stream_name":"stderr","time":139.736048219,"data":"CUDA Graph id 123 reused\n"}
,{"stream_name":"stderr","time":139.736456598,"data":"CUDA Graph id 124 reused\n"}
,{"stream_name":"stderr","time":139.761927364,"data":"CUDA Graph id 123 reused\n"}
,{"stream_name":"stderr","time":139.762258247,"data":"CUDA Graph id 124 reused\n"}
,{"stream_name":"stderr","time":139.787791041,"data":"CUDA Graph id 123 reused\n"}
,{"stream_name":"stderr","time":139.788311745,"data":"CUDA Graph id 124 reused\n"}
,{"stream_name":"stderr","time":139.813897616,"data":"CUDA Graph id 123 reused\n"}
,{"stream_name":"stderr","time":139.814353244,"data":"CUDA Graph id 124 reused\n"}
,{"stream_name":"stderr","time":139.83969112,"data":"CUDA Graph id 123 reused\n"}
,{"stream_name":"stderr","time":139.840203275,"data":"CUDA Graph id 124 reused\n"}
,{"stream_name":"stderr","time":139.865747435,"data":"CUDA Graph id 123 reused\n"}
,{"stream_name":"stderr","time":139.866120538,"data":"CUDA Graph id 124 reused\n"}
,{"stream_name":"stderr","time":139.891764271,"data":"CUDA Graph id 123 reused\n"}
,{"stream_name":"stderr","time":139.892161637,"data":"CUDA Graph id 124 reused\n"}
,{"stream_name":"stderr","time":139.917797817,"data":"CUDA Graph id 123 reused\n"}
,{"stream_name":"stderr","time":139.918191598,"data":"CUDA Graph id 124 reused\n"}
,{"stream_name":"stderr","time":139.943645385,"data":"CUDA Graph id 123 reused\n"}
,{"stream_name":"stderr","time":139.944059142,"data":"CUDA Graph id 124 reused\n"}
,{"stream_name":"stderr","time":139.969820108,"data":"CUDA Graph id 123 reused\n"}
,{"stream_name":"stderr","time":139.97025464,"data":"CUDA Graph id 124 reused\n"}
,{"stream_name":"stderr","time":139.995921497,"data":"CUDA Graph id 123 reused\n"}
,{"stream_name":"stderr","time":139.996279603,"data":"CUDA Graph id 124 reused\n"}
,{"stream_name":"stderr","time":140.021664552,"data":"CUDA Graph id 123 reused\n"}
,{"stream_name":"stderr","time":140.022067418,"data":"CUDA Graph id 124 reused\n"}
,{"stream_name":"stderr","time":140.047618589,"data":"CUDA Graph id 123 reused\n"}
,{"stream_name":"stderr","time":140.048127604,"data":"CUDA Graph id 124 reused\n"}
,{"stream_name":"stderr","time":140.073597757,"data":"CUDA Graph id 123 reused\n"}
,{"stream_name":"stderr","time":140.074046016,"data":"CUDA Graph id 124 reused\n"}
,{"stream_name":"stderr","time":140.099695892,"data":"CUDA Graph id 123 reused\n"}
,{"stream_name":"stderr","time":140.100109528,"data":"CUDA Graph id 124 reused\n"}
,{"stream_name":"stderr","time":140.125536041,"data":"CUDA Graph id 123 reused\n"}
,{"stream_name":"stderr","time":140.12599683,"data":"CUDA Graph id 124 reused\n"}
,{"stream_name":"stderr","time":140.151577643,"data":"CUDA Graph id 123 reused\n"}
,{"stream_name":"stderr","time":140.15212874,"data":"CUDA Graph id 124 reused\n"}
,{"stream_name":"stderr","time":140.177753249,"data":"CUDA Graph id 123 reused\n"}
,{"stream_name":"stderr","time":140.178211896,"data":"CUDA Graph id 124 reused\n"}
,{"stream_name":"stderr","time":140.203658739,"data":"CUDA Graph id 123 reused\n"}
,{"stream_name":"stderr","time":140.204061234,"data":"CUDA Graph id 124 reused\n"}
,{"stream_name":"stderr","time":140.229615819,"data":"CUDA Graph id 123 reused\n"}
,{"stream_name":"stderr","time":140.230076821,"data":"CUDA Graph id 124 reused\n"}
,{"stream_name":"stderr","time":140.255594305,"data":"CUDA Graph id 123 reused\n"}
,{"stream_name":"stderr","time":140.256049903,"data":"CUDA Graph id 124 reused\n"}
,{"stream_name":"stderr","time":140.281610155,"data":"CUDA Graph id 123 reused\n"}
,{"stream_name":"stderr","time":140.282199333,"data":"CUDA Graph id 124 reused\n"}
,{"stream_name":"stderr","time":140.307447197,"data":"CUDA Graph id 123 reused\n"}
,{"stream_name":"stderr","time":140.307894287,"data":"CUDA Graph id 124 reused\n"}
,{"stream_name":"stderr","time":140.333635621,"data":"CUDA Graph id 123 reused\n"}
,{"stream_name":"stderr","time":140.334082356,"data":"CUDA Graph id 124 reused\n"}
,{"stream_name":"stderr","time":140.359660972,"data":"CUDA Graph id 123 reused\n"}
,{"stream_name":"stderr","time":140.360076617,"data":"CUDA Graph id 124 reused\n"}
,{"stream_name":"stderr","time":140.385507644,"data":"CUDA Graph id 123 reused\n"}
,{"stream_name":"stderr","time":140.385907123,"data":"CUDA Graph id 124 reused\n"}
,{"stream_name":"stderr","time":140.411259249,"data":"CUDA Graph id 123 reused\n"}
,{"stream_name":"stderr","time":140.411620633,"data":"CUDA Graph id 124 reused\n"}
,{"stream_name":"stderr","time":140.437914901,"data":"CUDA Graph id 123 reused\n"}
,{"stream_name":"stderr","time":140.438583402,"data":"CUDA Graph id 124 reused\n"}
,{"stream_name":"stderr","time":140.464202529,"data":"CUDA Graph id 123 reused\n"}
,{"stream_name":"stderr","time":140.464311139,"data":"CUDA Graph id 124 reused\n"}
,{"stream_name":"stderr","time":140.489910048,"data":"CUDA Graph id 123 reused\n"}
,{"stream_name":"stderr","time":140.490302306,"data":"CUDA Graph id 124 reused\n"}
,{"stream_name":"stderr","time":140.515968774,"data":"CUDA Graph id 123 reused\n"}
,{"stream_name":"stderr","time":140.516352185,"data":"CUDA Graph id 124 reused\n"}
,{"stream_name":"stderr","time":140.541983743,"data":"CUDA Graph id 123 reused\n"}
,{"stream_name":"stderr","time":140.542385813,"data":"CUDA Graph id 124 reused\n"}
,{"stream_name":"stderr","time":140.567986928,"data":"CUDA Graph id 123 reused\n"}
,{"stream_name":"stderr","time":140.568372801,"data":"CUDA Graph id 124 reused\n"}
,{"stream_name":"stderr","time":140.59393803,"data":"CUDA Graph id 123 reused\n"}
,{"stream_name":"stderr","time":140.594308815,"data":"CUDA Graph id 124 reused\n"}
,{"stream_name":"stderr","time":140.619857164,"data":"CUDA Graph id 123 reused\n"}
,{"stream_name":"stderr","time":140.620287233,"data":"CUDA Graph id 124 reused\n"}
,{"stream_name":"stderr","time":140.645820131,"data":"CUDA Graph id 123 reused\n"}
,{"stream_name":"stderr","time":140.646195096,"data":"CUDA Graph id 124 reused\n"}
,{"stream_name":"stderr","time":140.67158114,"data":"CUDA Graph id 123 reused\n"}
,{"stream_name":"stderr","time":140.672003265,"data":"CUDA Graph id 124 reused\n"}
,{"stream_name":"stderr","time":140.697734515,"data":"CUDA Graph id 123 reused\n"}
,{"stream_name":"stderr","time":140.698095122,"data":"CUDA Graph id 124 reused\n"}
,{"stream_name":"stderr","time":140.723727374,"data":"CUDA Graph id 123 reused\n"}
,{"stream_name":"stderr","time":140.724103331,"data":"CUDA Graph id 124 reused\n"}
,{"stream_name":"stderr","time":140.749778693,"data":"CUDA Graph id 123 reused\n"}
,{"stream_name":"stderr","time":140.750166823,"data":"CUDA Graph id 124 reused\n"}
,{"stream_name":"stderr","time":140.775697412,"data":"CUDA Graph id 123 reused\n"}
,{"stream_name":"stderr","time":140.77610788,"data":"CUDA Graph id 124 reused\n"}
,{"stream_name":"stderr","time":140.801776889,"data":"CUDA Graph id 123 reused\n"}
,{"stream_name":"stderr","time":140.802189131,"data":"CUDA Graph id 124 reused\n"}
,{"stream_name":"stderr","time":140.827836624,"data":"CUDA Graph id 123 reused\n"}
,{"stream_name":"stderr","time":140.828328319,"data":"CUDA Graph id 124 reused\n"}
,{"stream_name":"stderr","time":140.85378603,"data":"CUDA Graph id 123 reused\n"}
,{"stream_name":"stderr","time":140.85427605,"data":"CUDA Graph id 124 reused\n"}
,{"stream_name":"stderr","time":140.879973313,"data":"CUDA Graph id 123 reused\n"}
,{"stream_name":"stderr","time":140.880422556,"data":"CUDA Graph id 124 reused\n"}
,{"stream_name":"stderr","time":140.906012108,"data":"CUDA Graph id 123 reused\n"}
,{"stream_name":"stderr","time":140.906368213,"data":"CUDA Graph id 124 reused\n"}
,{"stream_name":"stderr","time":140.93202419,"data":"CUDA Graph id 123 reused\n"}
,{"stream_name":"stderr","time":140.932383932,"data":"CUDA Graph id 124 reused\n"}
,{"stream_name":"stderr","time":140.95820431,"data":"CUDA Graph id 123 reused\n"}
,{"stream_name":"stderr","time":140.958735068,"data":"CUDA Graph id 124 reused\n"}
,{"stream_name":"stderr","time":140.984445267,"data":"CUDA Graph id 123 reused\n"}
,{"stream_name":"stderr","time":140.984917897,"data":"CUDA Graph id 124 reused\n"}
,{"stream_name":"stderr","time":141.010468625,"data":"CUDA Graph id 123 reused\n"}
,{"stream_name":"stderr","time":141.010962916,"data":"CUDA Graph id 124 reused\n"}
,{"stream_name":"stderr","time":141.036410559,"data":"CUDA Graph id 123 reused\n"}
,{"stream_name":"stderr","time":141.036881067,"data":"CUDA Graph id 124 reused\n"}
,{"stream_name":"stderr","time":141.062602447,"data":"CUDA Graph id 123 reused\n"}
,{"stream_name":"stderr","time":141.063112305,"data":"CUDA Graph id 124 reused\n"}
,{"stream_name":"stderr","time":141.088774939,"data":"CUDA Graph id 123 reused\n"}
,{"stream_name":"stderr","time":141.089242244,"data":"CUDA Graph id 124 reused\n"}
,{"stream_name":"stderr","time":141.114829416,"data":"CUDA Graph id 123 reused\n"}
,{"stream_name":"stderr","time":141.115317994,"data":"CUDA Graph id 124 reused\n"}
,{"stream_name":"stderr","time":141.140928734,"data":"CUDA Graph id 123 reused\n"}
,{"stream_name":"stderr","time":141.141335662,"data":"CUDA Graph id 124 reused\n"}
,{"stream_name":"stderr","time":141.167041742,"data":"CUDA Graph id 123 reused\n"}
,{"stream_name":"stderr","time":141.167479431,"data":"CUDA Graph id 124 reused\n"}
,{"stream_name":"stderr","time":141.193172433,"data":"CUDA Graph id 123 reused\n"}
,{"stream_name":"stderr","time":141.193594587,"data":"CUDA Graph id 124 reused\n"}
,{"stream_name":"stderr","time":141.219141085,"data":"CUDA Graph id 123 reused\n"}
,{"stream_name":"stderr","time":141.219575954,"data":"CUDA Graph id 124 reused\n"}
,{"stream_name":"stderr","time":141.245369546,"data":"CUDA Graph id 123 reused\n"}
,{"stream_name":"stderr","time":141.245918087,"data":"CUDA Graph id 124 reused\n"}
,{"stream_name":"stderr","time":141.272289702,"data":"CUDA Graph id 123 reused\n"}
,{"stream_name":"stderr","time":141.272929761,"data":"CUDA Graph id 124 reused\n"}
,{"stream_name":"stderr","time":141.298512702,"data":"CUDA Graph id 123 reused\n"}
,{"stream_name":"stderr","time":141.299026808,"data":"CUDA Graph id 124 reused\n"}
,{"stream_name":"stderr","time":141.3256706,"data":"CUDA Graph id 123 reused\n"}
,{"stream_name":"stderr","time":141.326238569,"data":"CUDA Graph id 124 reused\n"}
,{"stream_name":"stderr","time":141.351997896,"data":"CUDA Graph id 123 reused\n"}
,{"stream_name":"stderr","time":141.35237581,"data":"CUDA Graph id 124 reused\n"}
,{"stream_name":"stderr","time":141.378136566,"data":"CUDA Graph id 123 reused\n"}
,{"stream_name":"stderr","time":141.378531587,"data":"CUDA Graph id 124 reused\n"}
,{"stream_name":"stderr","time":141.404229288,"data":"CUDA Graph id 123 reused\n"}
,{"stream_name":"stderr","time":141.404578245,"data":"CUDA Graph id 124 reused\n"}
,{"stream_name":"stderr","time":141.43041222,"data":"CUDA Graph id 123 reused\n"}
,{"stream_name":"stderr","time":141.430819045,"data":"CUDA Graph id 124 reused\n"}
,{"stream_name":"stderr","time":141.45679816,"data":"CUDA Graph id 123 reused\n"}
,{"stream_name":"stderr","time":141.457301074,"data":"CUDA Graph id 124 reused\n"}
,{"stream_name":"stderr","time":141.482950315,"data":"CUDA Graph id 123 reused\n"}
,{"stream_name":"stderr","time":141.48339602,"data":"CUDA Graph id 124 reused\n"}
,{"stream_name":"stderr","time":141.509281377,"data":"CUDA Graph id 123 reused\n"}
,{"stream_name":"stderr","time":141.509716634,"data":"CUDA Graph id 124 reused\n"}
,{"stream_name":"stderr","time":141.53544426,"data":"CUDA Graph id 123 reused\n"}
,{"stream_name":"stderr","time":141.535978956,"data":"CUDA Graph id 124 reused\n"}
,{"stream_name":"stderr","time":141.561617178,"data":"CUDA Graph id 123 reused\n"}
,{"stream_name":"stderr","time":141.56207894,"data":"CUDA Graph id 124 reused\n"}
,{"stream_name":"stderr","time":141.587780692,"data":"CUDA Graph id 123 reused\n"}
,{"stream_name":"stderr","time":141.588285764,"data":"CUDA Graph id 124 reused\n"}
,{"stream_name":"stderr","time":141.613953125,"data":"CUDA Graph id 123 reused\n"}
,{"stream_name":"stderr","time":141.614389558,"data":"CUDA Graph id 124 reused\n"}
,{"stream_name":"stderr","time":141.640292728,"data":"CUDA Graph id 123 reused\n"}
,{"stream_name":"stderr","time":141.640848134,"data":"CUDA Graph id 124 reused\n"}
,{"stream_name":"stderr","time":141.66642787,"data":"CUDA Graph id 123 reused\n"}
,{"stream_name":"stderr","time":141.666835152,"data":"CUDA Graph id 124 reused\n"}
,{"stream_name":"stderr","time":141.692849019,"data":"CUDA Graph id 123 reused\n"}
,{"stream_name":"stderr","time":141.693371438,"data":"CUDA Graph id 124 reused\n"}
,{"stream_name":"stderr","time":141.719179263,"data":"CUDA Graph id 123 reused\n"}
,{"stream_name":"stderr","time":141.719620677,"data":"CUDA Graph id 124 reused\n"}
,{"stream_name":"stderr","time":141.745325649,"data":"CUDA Graph id 123 reused\n"}
,{"stream_name":"stderr","time":141.745804587,"data":"CUDA Graph id 124 reused\n"}
,{"stream_name":"stderr","time":141.771759913,"data":"CUDA Graph id 123 reused\n"}
,{"stream_name":"stderr","time":141.77219005,"data":"CUDA Graph id 124 reused\n"}
,{"stream_name":"stderr","time":141.798078082,"data":"CUDA Graph id 123 reused\n"}
,{"stream_name":"stderr","time":141.798464159,"data":"CUDA Graph id 124 reused\n"}
,{"stream_name":"stderr","time":141.824291888,"data":"CUDA Graph id 123 reused\n"}
,{"stream_name":"stderr","time":141.82471145,"data":"CUDA Graph id 124 reused\n"}
,{"stream_name":"stderr","time":141.850647519,"data":"CUDA Graph id 123 reused\n"}
,{"stream_name":"stderr","time":141.851122379,"data":"CUDA Graph id 124 reused\n"}
,{"stream_name":"stderr","time":141.877107127,"data":"CUDA Graph id 123 reused\n"}
,{"stream_name":"stderr","time":141.877535829,"data":"CUDA Graph id 124 reused\n"}
,{"stream_name":"stderr","time":141.903404539,"data":"CUDA Graph id 123 reused\n"}
,{"stream_name":"stderr","time":141.903904182,"data":"CUDA Graph id 124 reused\n"}
,{"stream_name":"stderr","time":141.929840243,"data":"CUDA Graph id 123 reused\n"}
,{"stream_name":"stderr","time":141.93032099,"data":"CUDA Graph id 124 reused\n"}
,{"stream_name":"stderr","time":141.956387454,"data":"CUDA Graph id 123 reused\n"}
,{"stream_name":"stderr","time":141.956889819,"data":"CUDA Graph id 124 reused\n"}
,{"stream_name":"stderr","time":141.984442414,"data":"ggml_backend_cuda_graph_compute: CUDA graph warmup reset\n"}
,{"stream_name":"stderr","time":141.986895039,"data":"ggml_backend_cuda_graph_compute: CUDA graph warmup reset\n"}
,{"stream_name":"stderr","time":142.009912534,"data":"CUDA Graph id 127 reused\n"}
,{"stream_name":"stderr","time":142.009952763,"data":"ggml_backend_cuda_graph_compute: CUDA graph warmup complete\n"}
,{"stream_name":"stderr","time":142.012216163,"data":"CUDA Graph id 128 reused\n"}
,{"stream_name":"stderr","time":142.012233586,"data":"ggml_backend_cuda_graph_compute: CUDA graph warmup complete\n"}
,{"stream_name":"stderr","time":142.037485093,"data":"CUDA Graph id 127 reused\n"}
,{"stream_name":"stderr","time":142.038025333,"data":"CUDA Graph id 128 reused\n"}
,{"stream_name":"stderr","time":142.063132101,"data":"CUDA Graph id 127 reused\n"}
,{"stream_name":"stderr","time":142.063458406,"data":"CUDA Graph id 128 reused\n"}
,{"stream_name":"stderr","time":142.08857171,"data":"CUDA Graph id 127 reused\n"}
,{"stream_name":"stderr","time":142.088976073,"data":"CUDA Graph id 128 reused\n"}
,{"stream_name":"stderr","time":142.114181113,"data":"CUDA Graph id 127 reused\n"}
,{"stream_name":"stderr","time":142.114635182,"data":"CUDA Graph id 128 reused\n"}
,{"stream_name":"stderr","time":142.139753044,"data":"CUDA Graph id 127 reused\n"}
,{"stream_name":"stderr","time":142.140226311,"data":"CUDA Graph id 128 reused\n"}
,{"stream_name":"stderr","time":142.165203691,"data":"CUDA Graph id 127 reused\n"}
,{"stream_name":"stderr","time":142.165648309,"data":"CUDA Graph id 128 reused\n"}
,{"stream_name":"stderr","time":142.190716498,"data":"CUDA Graph id 127 reused\n"}
,{"stream_name":"stderr","time":142.191224637,"data":"CUDA Graph id 128 reused\n"}
,{"stream_name":"stderr","time":142.216437063,"data":"CUDA Graph id 127 reused\n"}
,{"stream_name":"stderr","time":142.216934385,"data":"CUDA Graph id 128 reused\n"}
,{"stream_name":"stderr","time":142.242079394,"data":"CUDA Graph id 127 reused\n"}
,{"stream_name":"stderr","time":142.242496812,"data":"CUDA Graph id 128 reused\n"}
,{"stream_name":"stderr","time":142.267386768,"data":"CUDA Graph id 127 reused\n"}
,{"stream_name":"stderr","time":142.267864948,"data":"CUDA Graph id 128 reused\n"}
,{"stream_name":"stderr","time":142.292883652,"data":"CUDA Graph id 127 reused\n"}
,{"stream_name":"stderr","time":142.293368606,"data":"CUDA Graph id 128 reused\n"}
,{"stream_name":"stderr","time":142.318698582,"data":"CUDA Graph id 127 reused\n"}
,{"stream_name":"stderr","time":142.319182557,"data":"CUDA Graph id 128 reused\n"}
,{"stream_name":"stderr","time":142.344230788,"data":"CUDA Graph id 127 reused\n"}
,{"stream_name":"stderr","time":142.344696227,"data":"CUDA Graph id 128 reused\n"}
,{"stream_name":"stderr","time":142.369642665,"data":"CUDA Graph id 127 reused\n"}
,{"stream_name":"stderr","time":142.370071167,"data":"CUDA Graph id 128 reused\n"}
,{"stream_name":"stderr","time":142.39536835,"data":"CUDA Graph id 127 reused\n"}
,{"stream_name":"stderr","time":142.395806709,"data":"CUDA Graph id 128 reused\n"}
,{"stream_name":"stderr","time":142.421043975,"data":"CUDA Graph id 127 reused\n"}
,{"stream_name":"stderr","time":142.421458345,"data":"CUDA Graph id 128 reused\n"}
,{"stream_name":"stderr","time":142.446956513,"data":"CUDA Graph id 127 reused\n"}
,{"stream_name":"stderr","time":142.44747903,"data":"CUDA Graph id 128 reused\n"}
,{"stream_name":"stderr","time":142.47262542,"data":"CUDA Graph id 127 reused\n"}
,{"stream_name":"stderr","time":142.473090934,"data":"CUDA Graph id 128 reused\n"}
,{"stream_name":"stderr","time":142.498192207,"data":"CUDA Graph id 127 reused\n"}
,{"stream_name":"stderr","time":142.498621701,"data":"CUDA Graph id 128 reused\n"}
,{"stream_name":"stderr","time":142.523810738,"data":"CUDA Graph id 127 reused\n"}
,{"stream_name":"stderr","time":142.524378584,"data":"CUDA Graph id 128 reused\n"}
,{"stream_name":"stderr","time":142.549149432,"data":"CUDA Graph id 127 reused\n"}
,{"stream_name":"stderr","time":142.549579073,"data":"CUDA Graph id 128 reused\n"}
,{"stream_name":"stderr","time":142.574783907,"data":"CUDA Graph id 127 reused\n"}
,{"stream_name":"stderr","time":142.575195194,"data":"CUDA Graph id 128 reused\n"}
,{"stream_name":"stderr","time":142.60048614,"data":"CUDA Graph id 127 reused\n"}
,{"stream_name":"stderr","time":142.600988898,"data":"CUDA Graph id 128 reused\n"}
,{"stream_name":"stderr","time":142.626049893,"data":"CUDA Graph id 127 reused\n"}
,{"stream_name":"stderr","time":142.626451932,"data":"CUDA Graph id 128 reused\n"}
,{"stream_name":"stderr","time":142.651403055,"data":"CUDA Graph id 127 reused\n"}
,{"stream_name":"stderr","time":142.651891892,"data":"CUDA Graph id 128 reused\n"}
,{"stream_name":"stderr","time":142.676685854,"data":"CUDA Graph id 127 reused\n"}
,{"stream_name":"stderr","time":142.677143588,"data":"CUDA Graph id 128 reused\n"}
,{"stream_name":"stderr","time":142.7024297,"data":"CUDA Graph id 127 reused\n"}
,{"stream_name":"stderr","time":142.702886836,"data":"CUDA Graph id 128 reused\n"}
,{"stream_name":"stderr","time":142.72811251,"data":"CUDA Graph id 127 reused\n"}
,{"stream_name":"stderr","time":142.728539529,"data":"CUDA Graph id 128 reused\n"}
,{"stream_name":"stderr","time":142.753487214,"data":"CUDA Graph id 127 reused\n"}
,{"stream_name":"stderr","time":142.753954107,"data":"CUDA Graph id 128 reused\n"}
,{"stream_name":"stderr","time":142.779157542,"data":"CUDA Graph id 127 reused\n"}
,{"stream_name":"stderr","time":142.779574864,"data":"CUDA Graph id 128 reused\n"}
,{"stream_name":"stderr","time":142.805181509,"data":"CUDA Graph id 127 reused\n"}
,{"stream_name":"stderr","time":142.805546814,"data":"CUDA Graph id 128 reused\n"}
,{"stream_name":"stderr","time":142.830756538,"data":"CUDA Graph id 127 reused\n"}
,{"stream_name":"stderr","time":142.83125302,"data":"CUDA Graph id 128 reused\n"}
,{"stream_name":"stderr","time":142.856165133,"data":"CUDA Graph id 127 reused\n"}
,{"stream_name":"stderr","time":142.856545481,"data":"CUDA Graph id 128 reused\n"}
,{"stream_name":"stderr","time":142.881815658,"data":"CUDA Graph id 127 reused\n"}
,{"stream_name":"stderr","time":142.882180528,"data":"CUDA Graph id 128 reused\n"}
,{"stream_name":"stderr","time":142.907745651,"data":"CUDA Graph id 127 reused\n"}
,{"stream_name":"stderr","time":142.908160849,"data":"CUDA Graph id 128 reused\n"}
,{"stream_name":"stderr","time":142.93325946,"data":"CUDA Graph id 127 reused\n"}
,{"stream_name":"stderr","time":142.933688134,"data":"CUDA Graph id 128 reused\n"}
,{"stream_name":"stderr","time":142.958844347,"data":"CUDA Graph id 127 reused\n"}
,{"stream_name":"stderr","time":142.959280522,"data":"CUDA Graph id 128 reused\n"}
,{"stream_name":"stderr","time":142.984610528,"data":"CUDA Graph id 127 reused\n"}
,{"stream_name":"stderr","time":142.985096925,"data":"CUDA Graph id 128 reused\n"}
,{"stream_name":"stderr","time":143.010420304,"data":"CUDA Graph id 127 reused\n"}
,{"stream_name":"stderr","time":143.010824523,"data":"CUDA Graph id 128 reused\n"}
,{"stream_name":"stderr","time":143.035856162,"data":"CUDA Graph id 127 reused\n"}
,{"stream_name":"stderr","time":143.036310207,"data":"CUDA Graph id 128 reused\n"}
,{"stream_name":"stderr","time":143.061480831,"data":"CUDA Graph id 127 reused\n"}
,{"stream_name":"stderr","time":143.061908585,"data":"CUDA Graph id 128 reused\n"}
,{"stream_name":"stderr","time":143.08735643,"data":"CUDA Graph id 127 reused\n"}
,{"stream_name":"stderr","time":143.087860152,"data":"CUDA Graph id 128 reused\n"}
,{"stream_name":"stderr","time":143.113018942,"data":"CUDA Graph id 127 reused\n"}
,{"stream_name":"stderr","time":143.113490751,"data":"CUDA Graph id 128 reused\n"}
,{"stream_name":"stderr","time":143.138419514,"data":"CUDA Graph id 127 reused\n"}
,{"stream_name":"stderr","time":143.138873742,"data":"CUDA Graph id 128 reused\n"}
,{"stream_name":"stderr","time":143.164136622,"data":"CUDA Graph id 127 reused\n"}
,{"stream_name":"stderr","time":143.164602612,"data":"CUDA Graph id 128 reused\n"}
,{"stream_name":"stderr","time":143.190161236,"data":"CUDA Graph id 127 reused\n"}
,{"stream_name":"stderr","time":143.190597633,"data":"CUDA Graph id 128 reused\n"}
,{"stream_name":"stderr","time":143.215977155,"data":"CUDA Graph id 127 reused\n"}
,{"stream_name":"stderr","time":143.216407322,"data":"CUDA Graph id 128 reused\n"}
,{"stream_name":"stderr","time":143.241517003,"data":"CUDA Graph id 127 reused\n"}
,{"stream_name":"stderr","time":143.241997154,"data":"CUDA Graph id 128 reused\n"}
,{"stream_name":"stderr","time":143.267245917,"data":"CUDA Graph id 127 reused\n"}
,{"stream_name":"stderr","time":143.267667054,"data":"CUDA Graph id 128 reused\n"}
,{"stream_name":"stderr","time":143.293122774,"data":"CUDA Graph id 127 reused\n"}
,{"stream_name":"stderr","time":143.293538501,"data":"CUDA Graph id 128 reused\n"}
,{"stream_name":"stderr","time":143.318644798,"data":"CUDA Graph id 127 reused\n"}
,{"stream_name":"stderr","time":143.319075775,"data":"CUDA Graph id 128 reused\n"}
,{"stream_name":"stderr","time":143.344262458,"data":"CUDA Graph id 127 reused\n"}
,{"stream_name":"stderr","time":143.344708921,"data":"CUDA Graph id 128 reused\n"}
,{"stream_name":"stderr","time":143.370060629,"data":"CUDA Graph id 127 reused\n"}
,{"stream_name":"stderr","time":143.370542291,"data":"CUDA Graph id 128 reused\n"}
,{"stream_name":"stderr","time":143.395762504,"data":"CUDA Graph id 127 reused\n"}
,{"stream_name":"stderr","time":143.396185245,"data":"CUDA Graph id 128 reused\n"}
,{"stream_name":"stderr","time":143.42124591,"data":"CUDA Graph id 127 reused\n"}
,{"stream_name":"stderr","time":143.421701297,"data":"CUDA Graph id 128 reused\n"}
,{"stream_name":"stderr","time":143.447196694,"data":"CUDA Graph id 127 reused\n"}
,{"stream_name":"stderr","time":143.447662234,"data":"CUDA Graph id 128 reused\n"}
,{"stream_name":"stderr","time":143.473119106,"data":"CUDA Graph id 127 reused\n"}
,{"stream_name":"stderr","time":143.47355246,"data":"CUDA Graph id 128 reused\n"}
,{"stream_name":"stderr","time":143.498815202,"data":"CUDA Graph id 127 reused\n"}
,{"stream_name":"stderr","time":143.499271284,"data":"CUDA Graph id 128 reused\n"}
,{"stream_name":"stderr","time":143.524298107,"data":"CUDA Graph id 127 reused\n"}
,{"stream_name":"stderr","time":143.524757602,"data":"CUDA Graph id 128 reused\n"}
,{"stream_name":"stderr","time":143.549943527,"data":"CUDA Graph id 127 reused\n"}
,{"stream_name":"stderr","time":143.550405984,"data":"CUDA Graph id 128 reused\n"}
,{"stream_name":"stderr","time":143.575860382,"data":"CUDA Graph id 127 reused\n"}
,{"stream_name":"stderr","time":143.576309701,"data":"CUDA Graph id 128 reused\n"}
,{"stream_name":"stderr","time":143.601526138,"data":"CUDA Graph id 127 reused\n"}
,{"stream_name":"stderr","time":143.60201393,"data":"CUDA Graph id 128 reused\n"}
,{"stream_name":"stderr","time":143.627182424,"data":"CUDA Graph id 127 reused\n"}
,{"stream_name":"stderr","time":143.627590008,"data":"CUDA Graph id 128 reused\n"}
,{"stream_name":"stderr","time":143.652891838,"data":"CUDA Graph id 127 reused\n"}
,{"stream_name":"stderr","time":143.653384906,"data":"CUDA Graph id 128 reused\n"}
,{"stream_name":"stderr","time":143.678795686,"data":"CUDA Graph id 127 reused\n"}
,{"stream_name":"stderr","time":143.6792241,"data":"CUDA Graph id 128 reused\n"}
,{"stream_name":"stderr","time":143.704301971,"data":"CUDA Graph id 127 reused\n"}
,{"stream_name":"stderr","time":143.704750149,"data":"CUDA Graph id 128 reused\n"}
,{"stream_name":"stderr","time":143.730112238,"data":"CUDA Graph id 127 reused\n"}
,{"stream_name":"stderr","time":143.730579401,"data":"CUDA Graph id 128 reused\n"}
,{"stream_name":"stderr","time":143.755936187,"data":"CUDA Graph id 127 reused\n"}
,{"stream_name":"stderr","time":143.75639207,"data":"CUDA Graph id 128 reused\n"}
,{"stream_name":"stderr","time":143.781668658,"data":"CUDA Graph id 127 reused\n"}
,{"stream_name":"stderr","time":143.782129981,"data":"CUDA Graph id 128 reused\n"}
,{"stream_name":"stderr","time":143.807247076,"data":"CUDA Graph id 127 reused\n"}
,{"stream_name":"stderr","time":143.807651972,"data":"CUDA Graph id 128 reused\n"}
,{"stream_name":"stderr","time":143.832974279,"data":"CUDA Graph id 127 reused\n"}
,{"stream_name":"stderr","time":143.83338706,"data":"CUDA Graph id 128 reused\n"}
,{"stream_name":"stderr","time":143.858896738,"data":"CUDA Graph id 127 reused\n"}
,{"stream_name":"stderr","time":143.859369494,"data":"CUDA Graph id 128 reused\n"}
,{"stream_name":"stderr","time":143.884368278,"data":"llama_perf_context_print:        load time =     497.15 ms\n"}
,{"stream_name":"stderr","time":143.884410743,"data":"llama_perf_context_print: prompt eval time =      40.58 ms /    18 tokens (    2.25 ms per token,   443.61 tokens per second)\n"}
,{"stream_name":"stderr","time":143.884420328,"data":"llama_perf_context_print:        eval time =   13471.74 ms /   565 runs   (   23.84 ms per token,    41.94 tokens per second)\n"}
,{"stream_name":"stderr","time":143.884440834,"data":"llama_perf_context_print:       total time =   14286.24 ms /   583 tokens\n"}
,{"stream_name":"stderr","time":143.884444007,"data":"llama_perf_context_print:    graphs reused =        562\n"}
,{"stream_name":"stderr","time":143.920046561,"data":"~llama_context:      CUDA0 compute buffer size is 368.0234 MiB, matches expectation of 368.0234 MiB\n"}
,{"stream_name":"stderr","time":143.920094186,"data":"~llama_context:      CUDA1 compute buffer size is 384.7812 MiB, matches expectation of 384.7812 MiB\n"}
,{"stream_name":"stderr","time":143.92009938,"data":"~llama_context:  CUDA_Host compute buffer size is  64.0391 MiB, matches expectation of  64.0391 MiB\n"}
,{"stream_name":"stderr","time":180.947599451,"data":"CUDA Graph id 167 reused\n"}
,{"stream_name":"stderr","time":180.947650199,"data":"ggml_backend_cuda_graph_compute: CUDA graph warmup complete\n"}
,{"stream_name":"stderr","time":180.964863615,"data":"CUDA Graph id 168 reused\n"}
,{"stream_name":"stderr","time":180.964914584,"data":"ggml_backend_cuda_graph_compute: CUDA graph warmup complete\n"}
,{"stream_name":"stderr","time":180.978037873,"data":"ggml_backend_cuda_graph_compute: CUDA graph warmup reset\n"}
,{"stream_name":"stderr","time":180.983897068,"data":"ggml_backend_cuda_graph_compute: CUDA graph warmup reset\n"}
,{"stream_name":"stderr","time":181.899612924,"data":"CUDA Graph id 175 reused\n"}
,{"stream_name":"stderr","time":181.899646276,"data":"ggml_backend_cuda_graph_compute: CUDA graph warmup complete\n"}
,{"stream_name":"stderr","time":181.903855717,"data":"CUDA Graph id 176 reused\n"}
,{"stream_name":"stderr","time":181.903904773,"data":"ggml_backend_cuda_graph_compute: CUDA graph warmup complete\n"}
,{"stream_name":"stderr","time":181.944585597,"data":"CUDA Graph id 175 reused\n"}
,{"stream_name":"stderr","time":181.945128585,"data":"CUDA Graph id 176 reused\n"}
,{"stream_name":"stderr","time":181.986188646,"data":"CUDA Graph id 175 reused\n"}
,{"stream_name":"stderr","time":181.986640288,"data":"CUDA Graph id 176 reused\n"}
,{"stream_name":"stderr","time":182.02770008,"data":"CUDA Graph id 175 reused\n"}
,{"stream_name":"stderr","time":182.028228838,"data":"CUDA Graph id 176 reused\n"}
,{"stream_name":"stderr","time":182.069230909,"data":"CUDA Graph id 175 reused\n"}
,{"stream_name":"stderr","time":182.069656435,"data":"CUDA Graph id 176 reused\n"}
,{"stream_name":"stderr","time":182.110788599,"data":"CUDA Graph id 175 reused\n"}
,{"stream_name":"stderr","time":182.111206859,"data":"CUDA Graph id 176 reused\n"}
,{"stream_name":"stderr","time":182.151964017,"data":"llama_perf_context_print:        load time =     878.59 ms\n"}
,{"stream_name":"stderr","time":182.152018611,"data":"llama_perf_context_print: prompt eval time =    1964.37 ms /  1035 tokens (    1.90 ms per token,   526.89 tokens per second)\n"}
,{"stream_name":"stderr","time":182.152026749,"data":"llama_perf_context_print:        eval time =     291.82 ms /     7 runs   (   41.69 ms per token,    23.99 tokens per second)\n"}
,{"stream_name":"stderr","time":182.152034063,"data":"llama_perf_context_print:       total time =    1177.99 ms /  1042 tokens\n"}
,{"stream_name":"stderr","time":182.152040213,"data":"llama_perf_context_print:    graphs reused =          6\n"}
,{"stream_name":"stderr","time":182.19556613,"data":"Llama.generate: 3 prefix-match hit, remaining 18 prompt tokens to eval\n"}
,{"stream_name":"stderr","time":182.198072368,"data":"ggml_backend_cuda_graph_compute: CUDA graph warmup reset\n"}
,{"stream_name":"stderr","time":182.202749827,"data":"ggml_backend_cuda_graph_compute: CUDA graph warmup reset\n"}
,{"stream_name":"stderr","time":182.31253216,"data":"CUDA Graph id 183 reused\n"}
,{"stream_name":"stderr","time":182.312571314,"data":"ggml_backend_cuda_graph_compute: CUDA graph warmup complete\n"}
,{"stream_name":"stderr","time":182.316861109,"data":"CUDA Graph id 184 reused\n"}
,{"stream_name":"stderr","time":182.316890934,"data":"ggml_backend_cuda_graph_compute: CUDA graph warmup complete\n"}
,{"stream_name":"stderr","time":182.35782745,"data":"CUDA Graph id 183 reused\n"}
,{"stream_name":"stderr","time":182.358348106,"data":"CUDA Graph id 184 reused\n"}
,{"stream_name":"stderr","time":182.399295922,"data":"CUDA Graph id 183 reused\n"}
,{"stream_name":"stderr","time":182.400475547,"data":"CUDA Graph id 184 reused\n"}
,{"stream_name":"stderr","time":182.440802945,"data":"CUDA Graph id 183 reused\n"}
,{"stream_name":"stderr","time":182.44125266,"data":"CUDA Graph id 184 reused\n"}
,{"stream_name":"stderr","time":182.482308198,"data":"CUDA Graph id 183 reused\n"}
,{"stream_name":"stderr","time":182.482871124,"data":"CUDA Graph id 184 reused\n"}
,{"stream_name":"stderr","time":182.523749804,"data":"CUDA Graph id 183 reused\n"}
,{"stream_name":"stderr","time":182.524265861,"data":"CUDA Graph id 184 reused\n"}
,{"stream_name":"stderr","time":182.565335859,"data":"CUDA Graph id 183 reused\n"}
,{"stream_name":"stderr","time":182.565767988,"data":"CUDA Graph id 184 reused\n"}
,{"stream_name":"stderr","time":182.607138155,"data":"CUDA Graph id 183 reused\n"}
,{"stream_name":"stderr","time":182.607666299,"data":"CUDA Graph id 184 reused\n"}
,{"stream_name":"stderr","time":182.64919047,"data":"CUDA Graph id 183 reused\n"}
,{"stream_name":"stderr","time":182.649649925,"data":"CUDA Graph id 184 reused\n"}
,{"stream_name":"stderr","time":182.691257131,"data":"CUDA Graph id 183 reused\n"}
,{"stream_name":"stderr","time":182.691731732,"data":"CUDA Graph id 184 reused\n"}
,{"stream_name":"stderr","time":182.733286728,"data":"CUDA Graph id 183 reused\n"}
,{"stream_name":"stderr","time":182.733794291,"data":"CUDA Graph id 184 reused\n"}
,{"stream_name":"stderr","time":182.775445101,"data":"CUDA Graph id 183 reused\n"}
,{"stream_name":"stderr","time":182.776054854,"data":"CUDA Graph id 184 reused\n"}
,{"stream_name":"stderr","time":182.817092023,"data":"CUDA Graph id 183 reused\n"}
,{"stream_name":"stderr","time":182.817535286,"data":"CUDA Graph id 184 reused\n"}
,{"stream_name":"stderr","time":182.858816251,"data":"CUDA Graph id 183 reused\n"}
,{"stream_name":"stderr","time":182.858917645,"data":"CUDA Graph id 184 reused\n"}
,{"stream_name":"stderr","time":182.900166028,"data":"CUDA Graph id 183 reused\n"}
,{"stream_name":"stderr","time":182.900571792,"data":"CUDA Graph id 184 reused\n"}
,{"stream_name":"stderr","time":182.941471068,"data":"CUDA Graph id 183 reused\n"}
,{"stream_name":"stderr","time":182.941993711,"data":"CUDA Graph id 184 reused\n"}
,{"stream_name":"stderr","time":182.982785613,"data":"CUDA Graph id 183 reused\n"}
,{"stream_name":"stderr","time":182.983266022,"data":"CUDA Graph id 184 reused\n"}
,{"stream_name":"stderr","time":183.024085545,"data":"CUDA Graph id 183 reused\n"}
,{"stream_name":"stderr","time":183.024573555,"data":"CUDA Graph id 184 reused\n"}
,{"stream_name":"stderr","time":183.065444424,"data":"CUDA Graph id 183 reused\n"}
,{"stream_name":"stderr","time":183.065998572,"data":"CUDA Graph id 184 reused\n"}
,{"stream_name":"stderr","time":183.106783656,"data":"CUDA Graph id 183 reused\n"}
,{"stream_name":"stderr","time":183.107298515,"data":"CUDA Graph id 184 reused\n"}
,{"stream_name":"stderr","time":183.148057428,"data":"CUDA Graph id 183 reused\n"}
,{"stream_name":"stderr","time":183.14856367,"data":"CUDA Graph id 184 reused\n"}
,{"stream_name":"stderr","time":183.189311367,"data":"CUDA Graph id 183 reused\n"}
,{"stream_name":"stderr","time":183.189783028,"data":"CUDA Graph id 184 reused\n"}
,{"stream_name":"stderr","time":183.230483977,"data":"CUDA Graph id 183 reused\n"}
,{"stream_name":"stderr","time":183.231009268,"data":"CUDA Graph id 184 reused\n"}
,{"stream_name":"stderr","time":183.271788273,"data":"CUDA Graph id 183 reused\n"}
,{"stream_name":"stderr","time":183.272298106,"data":"CUDA Graph id 184 reused\n"}
,{"stream_name":"stderr","time":183.31316912,"data":"CUDA Graph id 183 reused\n"}
,{"stream_name":"stderr","time":183.313665593,"data":"CUDA Graph id 184 reused\n"}
,{"stream_name":"stderr","time":183.354635054,"data":"CUDA Graph id 183 reused\n"}
,{"stream_name":"stderr","time":183.355232913,"data":"CUDA Graph id 184 reused\n"}
,{"stream_name":"stderr","time":183.396301744,"data":"CUDA Graph id 183 reused\n"}
,{"stream_name":"stderr","time":183.396849246,"data":"CUDA Graph id 184 reused\n"}
,{"stream_name":"stderr","time":183.438200117,"data":"CUDA Graph id 183 reused\n"}
,{"stream_name":"stderr","time":183.438690666,"data":"CUDA Graph id 184 reused\n"}
,{"stream_name":"stderr","time":183.480395051,"data":"CUDA Graph id 183 reused\n"}
,{"stream_name":"stderr","time":183.480914362,"data":"CUDA Graph id 184 reused\n"}
,{"stream_name":"stderr","time":183.522639445,"data":"CUDA Graph id 183 reused\n"}
,{"stream_name":"stderr","time":183.523135615,"data":"CUDA Graph id 184 reused\n"}
,{"stream_name":"stderr","time":183.564497167,"data":"CUDA Graph id 183 reused\n"}
,{"stream_name":"stderr","time":183.565006679,"data":"CUDA Graph id 184 reused\n"}
,{"stream_name":"stderr","time":183.606208817,"data":"CUDA Graph id 183 reused\n"}
,{"stream_name":"stderr","time":183.606693058,"data":"CUDA Graph id 184 reused\n"}
,{"stream_name":"stderr","time":183.647979457,"data":"CUDA Graph id 183 reused\n"}
,{"stream_name":"stderr","time":183.648462106,"data":"CUDA Graph id 184 reused\n"}
,{"stream_name":"stderr","time":183.689606958,"data":"CUDA Graph id 183 reused\n"}
,{"stream_name":"stderr","time":183.690219485,"data":"CUDA Graph id 184 reused\n"}
,{"stream_name":"stderr","time":183.731164832,"data":"CUDA Graph id 183 reused\n"}
,{"stream_name":"stderr","time":183.731688579,"data":"CUDA Graph id 184 reused\n"}
,{"stream_name":"stderr","time":183.772620136,"data":"CUDA Graph id 183 reused\n"}
,{"stream_name":"stderr","time":183.773131258,"data":"CUDA Graph id 184 reused\n"}
,{"stream_name":"stderr","time":183.814147628,"data":"CUDA Graph id 183 reused\n"}
,{"stream_name":"stderr","time":183.814696197,"data":"CUDA Graph id 184 reused\n"}
,{"stream_name":"stderr","time":183.855676465,"data":"CUDA Graph id 183 reused\n"}
,{"stream_name":"stderr","time":183.856219069,"data":"CUDA Graph id 184 reused\n"}
,{"stream_name":"stderr","time":183.897152997,"data":"CUDA Graph id 183 reused\n"}
,{"stream_name":"stderr","time":183.897679003,"data":"CUDA Graph id 184 reused\n"}
,{"stream_name":"stderr","time":183.938373767,"data":"CUDA Graph id 183 reused\n"}
,{"stream_name":"stderr","time":183.938901545,"data":"CUDA Graph id 184 reused\n"}
,{"stream_name":"stderr","time":183.979641961,"data":"CUDA Graph id 183 reused\n"}
,{"stream_name":"stderr","time":183.980174751,"data":"CUDA Graph id 184 reused\n"}
,{"stream_name":"stderr","time":184.021187178,"data":"CUDA Graph id 183 reused\n"}
,{"stream_name":"stderr","time":184.021586365,"data":"CUDA Graph id 184 reused\n"}
,{"stream_name":"stderr","time":184.062493418,"data":"CUDA Graph id 183 reused\n"}
,{"stream_name":"stderr","time":184.063014386,"data":"CUDA Graph id 184 reused\n"}
,{"stream_name":"stderr","time":184.103883771,"data":"CUDA Graph id 183 reused\n"}
,{"stream_name":"stderr","time":184.104385802,"data":"CUDA Graph id 184 reused\n"}
,{"stream_name":"stderr","time":184.14563332,"data":"CUDA Graph id 183 reused\n"}
,{"stream_name":"stderr","time":184.146084295,"data":"CUDA Graph id 184 reused\n"}
,{"stream_name":"stderr","time":184.187484377,"data":"CUDA Graph id 183 reused\n"}
,{"stream_name":"stderr","time":184.187997538,"data":"CUDA Graph id 184 reused\n"}
,{"stream_name":"stderr","time":184.229816724,"data":"CUDA Graph id 183 reused\n"}
,{"stream_name":"stderr","time":184.230278529,"data":"CUDA Graph id 184 reused\n"}
,{"stream_name":"stderr","time":184.271799243,"data":"CUDA Graph id 183 reused\n"}
,{"stream_name":"stderr","time":184.272302018,"data":"CUDA Graph id 184 reused\n"}
,{"stream_name":"stderr","time":184.313596705,"data":"CUDA Graph id 183 reused\n"}
,{"stream_name":"stderr","time":184.314103137,"data":"CUDA Graph id 184 reused\n"}
,{"stream_name":"stderr","time":184.355392847,"data":"CUDA Graph id 183 reused\n"}
,{"stream_name":"stderr","time":184.355735718,"data":"CUDA Graph id 184 reused\n"}
,{"stream_name":"stderr","time":184.397020464,"data":"CUDA Graph id 183 reused\n"}
,{"stream_name":"stderr","time":184.397548123,"data":"CUDA Graph id 184 reused\n"}
,{"stream_name":"stderr","time":184.43866192,"data":"CUDA Graph id 183 reused\n"}
,{"stream_name":"stderr","time":184.439129055,"data":"CUDA Graph id 184 reused\n"}
,{"stream_name":"stderr","time":184.48027476,"data":"CUDA Graph id 183 reused\n"}
,{"stream_name":"stderr","time":184.480825224,"data":"CUDA Graph id 184 reused\n"}
,{"stream_name":"stderr","time":184.521923077,"data":"CUDA Graph id 183 reused\n"}
,{"stream_name":"stderr","time":184.522467927,"data":"CUDA Graph id 184 reused\n"}
,{"stream_name":"stderr","time":184.56350196,"data":"CUDA Graph id 183 reused\n"}
,{"stream_name":"stderr","time":184.56408126,"data":"CUDA Graph id 184 reused\n"}
,{"stream_name":"stderr","time":184.604846116,"data":"CUDA Graph id 183 reused\n"}
,{"stream_name":"stderr","time":184.605402656,"data":"CUDA Graph id 184 reused\n"}
,{"stream_name":"stderr","time":184.646171131,"data":"CUDA Graph id 183 reused\n"}
,{"stream_name":"stderr","time":184.646662546,"data":"CUDA Graph id 184 reused\n"}
,{"stream_name":"stderr","time":184.687484108,"data":"CUDA Graph id 183 reused\n"}
,{"stream_name":"stderr","time":184.688067629,"data":"CUDA Graph id 184 reused\n"}
,{"stream_name":"stderr","time":184.729091206,"data":"CUDA Graph id 183 reused\n"}
,{"stream_name":"stderr","time":184.72956255,"data":"CUDA Graph id 184 reused\n"}
,{"stream_name":"stderr","time":184.770499466,"data":"CUDA Graph id 183 reused\n"}
,{"stream_name":"stderr","time":184.771050066,"data":"CUDA Graph id 184 reused\n"}
,{"stream_name":"stderr","time":184.812054059,"data":"CUDA Graph id 183 reused\n"}
,{"stream_name":"stderr","time":184.812579051,"data":"CUDA Graph id 184 reused\n"}
,{"stream_name":"stderr","time":184.853785495,"data":"CUDA Graph id 183 reused\n"}
,{"stream_name":"stderr","time":184.854460391,"data":"CUDA Graph id 184 reused\n"}
,{"stream_name":"stderr","time":184.895677227,"data":"CUDA Graph id 183 reused\n"}
,{"stream_name":"stderr","time":184.896252866,"data":"CUDA Graph id 184 reused\n"}
,{"stream_name":"stderr","time":184.938036625,"data":"CUDA Graph id 183 reused\n"}
,{"stream_name":"stderr","time":184.938516281,"data":"CUDA Graph id 184 reused\n"}
,{"stream_name":"stderr","time":184.98032197,"data":"CUDA Graph id 183 reused\n"}
,{"stream_name":"stderr","time":184.980881653,"data":"CUDA Graph id 184 reused\n"}
,{"stream_name":"stderr","time":185.022271058,"data":"CUDA Graph id 183 reused\n"}
,{"stream_name":"stderr","time":185.022780387,"data":"CUDA Graph id 184 reused\n"}
,{"stream_name":"stderr","time":185.064032599,"data":"CUDA Graph id 183 reused\n"}
,{"stream_name":"stderr","time":185.064622743,"data":"CUDA Graph id 184 reused\n"}
,{"stream_name":"stderr","time":185.105807323,"data":"CUDA Graph id 183 reused\n"}
,{"stream_name":"stderr","time":185.106429294,"data":"CUDA Graph id 184 reused\n"}
,{"stream_name":"stderr","time":185.147660283,"data":"CUDA Graph id 183 reused\n"}
,{"stream_name":"stderr","time":185.148091023,"data":"CUDA Graph id 184 reused\n"}
,{"stream_name":"stderr","time":185.189450448,"data":"CUDA Graph id 183 reused\n"}
,{"stream_name":"stderr","time":185.190001054,"data":"CUDA Graph id 184 reused\n"}
,{"stream_name":"stderr","time":185.231034238,"data":"CUDA Graph id 183 reused\n"}
,{"stream_name":"stderr","time":185.231589298,"data":"CUDA Graph id 184 reused\n"}
,{"stream_name":"stderr","time":185.272552943,"data":"CUDA Graph id 183 reused\n"}
,{"stream_name":"stderr","time":185.273138589,"data":"CUDA Graph id 184 reused\n"}
,{"stream_name":"stderr","time":185.313977995,"data":"CUDA Graph id 183 reused\n"}
,{"stream_name":"stderr","time":185.314494835,"data":"CUDA Graph id 184 reused\n"}
,{"stream_name":"stderr","time":185.355166638,"data":"CUDA Graph id 183 reused\n"}
,{"stream_name":"stderr","time":185.355632504,"data":"CUDA Graph id 184 reused\n"}
,{"stream_name":"stderr","time":185.396520905,"data":"CUDA Graph id 183 reused\n"}
,{"stream_name":"stderr","time":185.397154203,"data":"CUDA Graph id 184 reused\n"}
,{"stream_name":"stderr","time":185.437977236,"data":"CUDA Graph id 183 reused\n"}
,{"stream_name":"stderr","time":185.438485287,"data":"CUDA Graph id 184 reused\n"}
,{"stream_name":"stderr","time":185.479746898,"data":"CUDA Graph id 183 reused\n"}
,{"stream_name":"stderr","time":185.480304956,"data":"CUDA Graph id 184 reused\n"}
,{"stream_name":"stderr","time":185.5212395,"data":"CUDA Graph id 183 reused\n"}
,{"stream_name":"stderr","time":185.521790154,"data":"CUDA Graph id 184 reused\n"}
,{"stream_name":"stderr","time":185.563029276,"data":"CUDA Graph id 183 reused\n"}
,{"stream_name":"stderr","time":185.563529761,"data":"CUDA Graph id 184 reused\n"}
,{"stream_name":"stderr","time":185.605310553,"data":"CUDA Graph id 183 reused\n"}
,{"stream_name":"stderr","time":185.605818153,"data":"CUDA Graph id 184 reused\n"}
,{"stream_name":"stderr","time":185.647856925,"data":"CUDA Graph id 183 reused\n"}
,{"stream_name":"stderr","time":185.648406133,"data":"CUDA Graph id 184 reused\n"}
,{"stream_name":"stderr","time":185.689954858,"data":"CUDA Graph id 183 reused\n"}
,{"stream_name":"stderr","time":185.69068548,"data":"CUDA Graph id 184 reused\n"}
,{"stream_name":"stderr","time":185.731941368,"data":"CUDA Graph id 183 reused\n"}
,{"stream_name":"stderr","time":185.732412038,"data":"CUDA Graph id 184 reused\n"}
,{"stream_name":"stderr","time":185.773635397,"data":"CUDA Graph id 183 reused\n"}
,{"stream_name":"stderr","time":185.77413089,"data":"CUDA Graph id 184 reused\n"}
,{"stream_name":"stderr","time":185.815349216,"data":"CUDA Graph id 183 reused\n"}
,{"stream_name":"stderr","time":185.815892983,"data":"CUDA Graph id 184 reused\n"}
,{"stream_name":"stderr","time":185.857600421,"data":"CUDA Graph id 183 reused\n"}
,{"stream_name":"stderr","time":185.858193679,"data":"CUDA Graph id 184 reused\n"}
,{"stream_name":"stderr","time":185.899255283,"data":"CUDA Graph id 183 reused\n"}
,{"stream_name":"stderr","time":185.899690003,"data":"CUDA Graph id 184 reused\n"}
,{"stream_name":"stderr","time":185.940798658,"data":"CUDA Graph id 183 reused\n"}
,{"stream_name":"stderr","time":185.941242001,"data":"CUDA Graph id 184 reused\n"}
,{"stream_name":"stderr","time":185.982229276,"data":"CUDA Graph id 183 reused\n"}
,{"stream_name":"stderr","time":185.982665887,"data":"CUDA Graph id 184 reused\n"}
,{"stream_name":"stderr","time":186.023679295,"data":"CUDA Graph id 183 reused\n"}
,{"stream_name":"stderr","time":186.024003145,"data":"CUDA Graph id 184 reused\n"}
,{"stream_name":"stderr","time":186.066096624,"data":"CUDA Graph id 183 reused\n"}
,{"stream_name":"stderr","time":186.066135596,"data":"CUDA Graph id 184 reused\n"}
,{"stream_name":"stderr","time":186.107068398,"data":"CUDA Graph id 183 reused\n"}
,{"stream_name":"stderr","time":186.107595832,"data":"CUDA Graph id 184 reused\n"}
,{"stream_name":"stderr","time":186.148765173,"data":"CUDA Graph id 183 reused\n"}
,{"stream_name":"stderr","time":186.149299717,"data":"CUDA Graph id 184 reused\n"}
,{"stream_name":"stderr","time":186.190618982,"data":"CUDA Graph id 183 reused\n"}
,{"stream_name":"stderr","time":186.191139007,"data":"CUDA Graph id 184 reused\n"}
,{"stream_name":"stderr","time":186.23340267,"data":"CUDA Graph id 183 reused\n"}
,{"stream_name":"stderr","time":186.233454892,"data":"CUDA Graph id 184 reused\n"}
,{"stream_name":"stderr","time":186.275703202,"data":"CUDA Graph id 183 reused\n"}
,{"stream_name":"stderr","time":186.276232507,"data":"CUDA Graph id 184 reused\n"}
,{"stream_name":"stderr","time":186.317826673,"data":"CUDA Graph id 183 reused\n"}
,{"stream_name":"stderr","time":186.318292918,"data":"CUDA Graph id 184 reused\n"}
,{"stream_name":"stderr","time":186.359752914,"data":"CUDA Graph id 183 reused\n"}
,{"stream_name":"stderr","time":186.360075295,"data":"CUDA Graph id 184 reused\n"}
,{"stream_name":"stderr","time":186.401393859,"data":"CUDA Graph id 183 reused\n"}
,{"stream_name":"stderr","time":186.40184207,"data":"CUDA Graph id 184 reused\n"}
,{"stream_name":"stderr","time":186.443152396,"data":"CUDA Graph id 183 reused\n"}
,{"stream_name":"stderr","time":186.44355183,"data":"CUDA Graph id 184 reused\n"}
,{"stream_name":"stderr","time":186.485438957,"data":"CUDA Graph id 183 reused\n"}
,{"stream_name":"stderr","time":186.485965261,"data":"CUDA Graph id 184 reused\n"}
,{"stream_name":"stderr","time":186.527134759,"data":"CUDA Graph id 183 reused\n"}
,{"stream_name":"stderr","time":186.527577564,"data":"CUDA Graph id 184 reused\n"}
,{"stream_name":"stderr","time":186.56866741,"data":"CUDA Graph id 183 reused\n"}
,{"stream_name":"stderr","time":186.569150093,"data":"CUDA Graph id 184 reused\n"}
,{"stream_name":"stderr","time":186.610158769,"data":"CUDA Graph id 183 reused\n"}
,{"stream_name":"stderr","time":186.610587083,"data":"CUDA Graph id 184 reused\n"}
,{"stream_name":"stderr","time":186.651616839,"data":"CUDA Graph id 183 reused\n"}
,{"stream_name":"stderr","time":186.652223849,"data":"CUDA Graph id 184 reused\n"}
,{"stream_name":"stderr","time":186.693990496,"data":"CUDA Graph id 183 reused\n"}
,{"stream_name":"stderr","time":186.69425592300001,"data":"CUDA Graph id 184 reused\n"}
,{"stream_name":"stderr","time":186.73533509,"data":"CUDA Graph id 183 reused\n"}
,{"stream_name":"stderr","time":186.735774108,"data":"CUDA Graph id 184 reused\n"}
,{"stream_name":"stderr","time":186.777151766,"data":"CUDA Graph id 183 reused\n"}
,{"stream_name":"stderr","time":186.777547812,"data":"CUDA Graph id 184 reused\n"}
,{"stream_name":"stderr","time":186.81931463,"data":"CUDA Graph id 183 reused\n"}
,{"stream_name":"stderr","time":186.819622214,"data":"CUDA Graph id 184 reused\n"}
,{"stream_name":"stderr","time":186.86150595,"data":"CUDA Graph id 183 reused\n"}
,{"stream_name":"stderr","time":186.861946929,"data":"CUDA Graph id 184 reused\n"}
,{"stream_name":"stderr","time":186.904590155,"data":"CUDA Graph id 183 reused\n"}
,{"stream_name":"stderr","time":186.90503479,"data":"CUDA Graph id 184 reused\n"}
,{"stream_name":"stderr","time":186.946535622,"data":"CUDA Graph id 183 reused\n"}
,{"stream_name":"stderr","time":186.947068754,"data":"CUDA Graph id 184 reused\n"}
,{"stream_name":"stderr","time":186.988374075,"data":"CUDA Graph id 183 reused\n"}
,{"stream_name":"stderr","time":186.988787967,"data":"CUDA Graph id 184 reused\n"}
,{"stream_name":"stderr","time":187.030212532,"data":"CUDA Graph id 183 reused\n"}
,{"stream_name":"stderr","time":187.030559092,"data":"CUDA Graph id 184 reused\n"}
,{"stream_name":"stderr","time":187.071763232,"data":"CUDA Graph id 183 reused\n"}
,{"stream_name":"stderr","time":187.072191655,"data":"CUDA Graph id 184 reused\n"}
,{"stream_name":"stderr","time":187.11403989,"data":"CUDA Graph id 183 reused\n"}
,{"stream_name":"stderr","time":187.114640225,"data":"CUDA Graph id 184 reused\n"}
,{"stream_name":"stderr","time":187.155777071,"data":"CUDA Graph id 183 reused\n"}
,{"stream_name":"stderr","time":187.156265102,"data":"CUDA Graph id 184 reused\n"}
,{"stream_name":"stderr","time":187.197234179,"data":"CUDA Graph id 183 reused\n"}
,{"stream_name":"stderr","time":187.197686235,"data":"CUDA Graph id 184 reused\n"}
,{"stream_name":"stderr","time":187.238612949,"data":"CUDA Graph id 183 reused\n"}
,{"stream_name":"stderr","time":187.239086904,"data":"CUDA Graph id 184 reused\n"}
,{"stream_name":"stderr","time":187.280022408,"data":"CUDA Graph id 183 reused\n"}
,{"stream_name":"stderr","time":187.280461712,"data":"CUDA Graph id 184 reused\n"}
,{"stream_name":"stderr","time":187.322403261,"data":"CUDA Graph id 183 reused\n"}
,{"stream_name":"stderr","time":187.322883795,"data":"CUDA Graph id 184 reused\n"}
,{"stream_name":"stderr","time":187.3641953,"data":"CUDA Graph id 183 reused\n"}
,{"stream_name":"stderr","time":187.364602103,"data":"CUDA Graph id 184 reused\n"}
,{"stream_name":"stderr","time":187.40645551,"data":"CUDA Graph id 183 reused\n"}
,{"stream_name":"stderr","time":187.406690003,"data":"CUDA Graph id 184 reused\n"}
,{"stream_name":"stderr","time":187.448741065,"data":"CUDA Graph id 183 reused\n"}
,{"stream_name":"stderr","time":187.44915584,"data":"CUDA Graph id 184 reused\n"}
,{"stream_name":"stderr","time":187.491040191,"data":"CUDA Graph id 183 reused\n"}
,{"stream_name":"stderr","time":187.49150561,"data":"CUDA Graph id 184 reused\n"}
,{"stream_name":"stderr","time":187.5332428,"data":"CUDA Graph id 183 reused\n"}
,{"stream_name":"stderr","time":187.533701956,"data":"CUDA Graph id 184 reused\n"}
,{"stream_name":"stderr","time":187.575199489,"data":"CUDA Graph id 183 reused\n"}
,{"stream_name":"stderr","time":187.575508088,"data":"CUDA Graph id 184 reused\n"}
,{"stream_name":"stderr","time":187.616855537,"data":"CUDA Graph id 183 reused\n"}
,{"stream_name":"stderr","time":187.617305312,"data":"CUDA Graph id 184 reused\n"}
,{"stream_name":"stderr","time":187.658548962,"data":"CUDA Graph id 183 reused\n"}
,{"stream_name":"stderr","time":187.659009141,"data":"CUDA Graph id 184 reused\n"}
,{"stream_name":"stderr","time":187.700248466,"data":"CUDA Graph id 183 reused\n"}
,{"stream_name":"stderr","time":187.700754643,"data":"CUDA Graph id 184 reused\n"}
,{"stream_name":"stderr","time":187.742057954,"data":"CUDA Graph id 183 reused\n"}
,{"stream_name":"stderr","time":187.742500348,"data":"CUDA Graph id 184 reused\n"}
,{"stream_name":"stderr","time":187.78359045,"data":"CUDA Graph id 183 reused\n"}
,{"stream_name":"stderr","time":187.784121639,"data":"CUDA Graph id 184 reused\n"}
,{"stream_name":"stderr","time":187.825197146,"data":"CUDA Graph id 183 reused\n"}
,{"stream_name":"stderr","time":187.825665299,"data":"CUDA Graph id 184 reused\n"}
,{"stream_name":"stderr","time":187.866828871,"data":"CUDA Graph id 183 reused\n"}
,{"stream_name":"stderr","time":187.867333953,"data":"CUDA Graph id 184 reused\n"}
,{"stream_name":"stderr","time":187.908358896,"data":"CUDA Graph id 183 reused\n"}
,{"stream_name":"stderr","time":187.908866977,"data":"CUDA Graph id 184 reused\n"}
,{"stream_name":"stderr","time":187.950093277,"data":"CUDA Graph id 183 reused\n"}
,{"stream_name":"stderr","time":187.950501999,"data":"CUDA Graph id 184 reused\n"}
,{"stream_name":"stderr","time":187.9920351,"data":"CUDA Graph id 183 reused\n"}
,{"stream_name":"stderr","time":187.992483227,"data":"CUDA Graph id 184 reused\n"}
,{"stream_name":"stderr","time":188.034235412,"data":"CUDA Graph id 183 reused\n"}
,{"stream_name":"stderr","time":188.034682005,"data":"CUDA Graph id 184 reused\n"}
,{"stream_name":"stderr","time":188.076677199,"data":"CUDA Graph id 183 reused\n"}
,{"stream_name":"stderr","time":188.077210628,"data":"CUDA Graph id 184 reused\n"}
,{"stream_name":"stderr","time":188.119237817,"data":"CUDA Graph id 183 reused\n"}
,{"stream_name":"stderr","time":188.119681583,"data":"CUDA Graph id 184 reused\n"}
,{"stream_name":"stderr","time":188.161414645,"data":"CUDA Graph id 183 reused\n"}
,{"stream_name":"stderr","time":188.161925901,"data":"CUDA Graph id 184 reused\n"}
,{"stream_name":"stderr","time":188.203374098,"data":"CUDA Graph id 183 reused\n"}
,{"stream_name":"stderr","time":188.203758612,"data":"CUDA Graph id 184 reused\n"}
,{"stream_name":"stderr","time":188.245176748,"data":"CUDA Graph id 183 reused\n"}
,{"stream_name":"stderr","time":188.245757308,"data":"CUDA Graph id 184 reused\n"}
,{"stream_name":"stderr","time":188.287019454,"data":"CUDA Graph id 183 reused\n"}
,{"stream_name":"stderr","time":188.287419748,"data":"CUDA Graph id 184 reused\n"}
,{"stream_name":"stderr","time":188.32876489,"data":"CUDA Graph id 183 reused\n"}
,{"stream_name":"stderr","time":188.329179027,"data":"CUDA Graph id 184 reused\n"}
,{"stream_name":"stderr","time":188.370432926,"data":"CUDA Graph id 183 reused\n"}
,{"stream_name":"stderr","time":188.370944181,"data":"CUDA Graph id 184 reused\n"}
,{"stream_name":"stderr","time":188.4120829,"data":"CUDA Graph id 183 reused\n"}
,{"stream_name":"stderr","time":188.412476704,"data":"CUDA Graph id 184 reused\n"}
,{"stream_name":"stderr","time":188.453771079,"data":"CUDA Graph id 183 reused\n"}
,{"stream_name":"stderr","time":188.454044715,"data":"CUDA Graph id 184 reused\n"}
,{"stream_name":"stderr","time":188.495167116,"data":"CUDA Graph id 183 reused\n"}
,{"stream_name":"stderr","time":188.495616764,"data":"CUDA Graph id 184 reused\n"}
,{"stream_name":"stderr","time":188.536927049,"data":"CUDA Graph id 183 reused\n"}
,{"stream_name":"stderr","time":188.537314336,"data":"CUDA Graph id 184 reused\n"}
,{"stream_name":"stderr","time":188.578597492,"data":"CUDA Graph id 183 reused\n"}
,{"stream_name":"stderr","time":188.579193258,"data":"CUDA Graph id 184 reused\n"}
,{"stream_name":"stderr","time":188.620755624,"data":"CUDA Graph id 183 reused\n"}
,{"stream_name":"stderr","time":188.621241307,"data":"CUDA Graph id 184 reused\n"}
,{"stream_name":"stderr","time":188.663026757,"data":"CUDA Graph id 183 reused\n"}
,{"stream_name":"stderr","time":188.663505651,"data":"CUDA Graph id 184 reused\n"}
,{"stream_name":"stderr","time":188.706467286,"data":"CUDA Graph id 183 reused\n"}
,{"stream_name":"stderr","time":188.707020267,"data":"CUDA Graph id 184 reused\n"}
,{"stream_name":"stderr","time":188.748695113,"data":"CUDA Graph id 183 reused\n"}
,{"stream_name":"stderr","time":188.749170051,"data":"CUDA Graph id 184 reused\n"}
,{"stream_name":"stderr","time":188.790538059,"data":"CUDA Graph id 183 reused\n"}
,{"stream_name":"stderr","time":188.791090115,"data":"CUDA Graph id 184 reused\n"}
,{"stream_name":"stderr","time":188.832481033,"data":"CUDA Graph id 183 reused\n"}
,{"stream_name":"stderr","time":188.832987598,"data":"CUDA Graph id 184 reused\n"}
,{"stream_name":"stderr","time":188.874364042,"data":"CUDA Graph id 183 reused\n"}
,{"stream_name":"stderr","time":188.874786341,"data":"CUDA Graph id 184 reused\n"}
,{"stream_name":"stderr","time":188.916268413,"data":"CUDA Graph id 183 reused\n"}
,{"stream_name":"stderr","time":188.916740387,"data":"CUDA Graph id 184 reused\n"}
,{"stream_name":"stderr","time":188.958064179,"data":"CUDA Graph id 183 reused\n"}
,{"stream_name":"stderr","time":188.958573684,"data":"CUDA Graph id 184 reused\n"}
,{"stream_name":"stderr","time":188.999886512,"data":"CUDA Graph id 183 reused\n"}
,{"stream_name":"stderr","time":189.000313904,"data":"CUDA Graph id 184 reused\n"}
,{"stream_name":"stderr","time":189.041642789,"data":"CUDA Graph id 183 reused\n"}
,{"stream_name":"stderr","time":189.042077824,"data":"CUDA Graph id 184 reused\n"}
,{"stream_name":"stderr","time":189.083503123,"data":"CUDA Graph id 183 reused\n"}
,{"stream_name":"stderr","time":189.084001765,"data":"CUDA Graph id 184 reused\n"}
,{"stream_name":"stderr","time":189.125514776,"data":"CUDA Graph id 183 reused\n"}
,{"stream_name":"stderr","time":189.126014693,"data":"CUDA Graph id 184 reused\n"}
,{"stream_name":"stderr","time":189.167640104,"data":"CUDA Graph id 183 reused\n"}
,{"stream_name":"stderr","time":189.168235196,"data":"CUDA Graph id 184 reused\n"}
,{"stream_name":"stderr","time":189.211160936,"data":"CUDA Graph id 183 reused\n"}
,{"stream_name":"stderr","time":189.211632617,"data":"CUDA Graph id 184 reused\n"}
,{"stream_name":"stderr","time":189.253530615,"data":"CUDA Graph id 183 reused\n"}
,{"stream_name":"stderr","time":189.253963215,"data":"CUDA Graph id 184 reused\n"}
,{"stream_name":"stderr","time":189.295680906,"data":"CUDA Graph id 183 reused\n"}
,{"stream_name":"stderr","time":189.296182998,"data":"CUDA Graph id 184 reused\n"}
,{"stream_name":"stderr","time":189.33779045,"data":"CUDA Graph id 183 reused\n"}
,{"stream_name":"stderr","time":189.33823655,"data":"CUDA Graph id 184 reused\n"}
,{"stream_name":"stderr","time":189.379622076,"data":"CUDA Graph id 183 reused\n"}
,{"stream_name":"stderr","time":189.380087887,"data":"CUDA Graph id 184 reused\n"}
,{"stream_name":"stderr","time":189.421631028,"data":"CUDA Graph id 183 reused\n"}
,{"stream_name":"stderr","time":189.422058905,"data":"CUDA Graph id 184 reused\n"}
,{"stream_name":"stderr","time":189.46329763,"data":"CUDA Graph id 183 reused\n"}
,{"stream_name":"stderr","time":189.463750931,"data":"CUDA Graph id 184 reused\n"}
,{"stream_name":"stderr","time":189.50500255,"data":"CUDA Graph id 183 reused\n"}
,{"stream_name":"stderr","time":189.50551159,"data":"CUDA Graph id 184 reused\n"}
,{"stream_name":"stderr","time":189.546596534,"data":"CUDA Graph id 183 reused\n"}
,{"stream_name":"stderr","time":189.54709607,"data":"CUDA Graph id 184 reused\n"}
,{"stream_name":"stderr","time":189.588153438,"data":"CUDA Graph id 183 reused\n"}
,{"stream_name":"stderr","time":189.588749737,"data":"CUDA Graph id 184 reused\n"}
,{"stream_name":"stderr","time":189.62981493,"data":"CUDA Graph id 183 reused\n"}
,{"stream_name":"stderr","time":189.63029168,"data":"CUDA Graph id 184 reused\n"}
,{"stream_name":"stderr","time":189.67157604,"data":"CUDA Graph id 183 reused\n"}
,{"stream_name":"stderr","time":189.6720244,"data":"CUDA Graph id 184 reused\n"}
,{"stream_name":"stderr","time":189.713859707,"data":"CUDA Graph id 183 reused\n"}
,{"stream_name":"stderr","time":189.714273535,"data":"CUDA Graph id 184 reused\n"}
,{"stream_name":"stderr","time":189.756248503,"data":"CUDA Graph id 183 reused\n"}
,{"stream_name":"stderr","time":189.756622797,"data":"CUDA Graph id 184 reused\n"}
,{"stream_name":"stderr","time":189.798686247,"data":"CUDA Graph id 183 reused\n"}
,{"stream_name":"stderr","time":189.79916476,"data":"CUDA Graph id 184 reused\n"}
,{"stream_name":"stderr","time":189.841258067,"data":"CUDA Graph id 183 reused\n"}
,{"stream_name":"stderr","time":189.84173511,"data":"CUDA Graph id 184 reused\n"}
,{"stream_name":"stderr","time":189.883355298,"data":"CUDA Graph id 183 reused\n"}
,{"stream_name":"stderr","time":189.883775524,"data":"CUDA Graph id 184 reused\n"}
,{"stream_name":"stderr","time":189.92544891,"data":"CUDA Graph id 183 reused\n"}
,{"stream_name":"stderr","time":189.925872906,"data":"CUDA Graph id 184 reused\n"}
,{"stream_name":"stderr","time":189.967372571,"data":"CUDA Graph id 183 reused\n"}
,{"stream_name":"stderr","time":189.967789863,"data":"CUDA Graph id 184 reused\n"}
,{"stream_name":"stderr","time":190.009324497,"data":"CUDA Graph id 183 reused\n"}
,{"stream_name":"stderr","time":190.009740296,"data":"CUDA Graph id 184 reused\n"}
,{"stream_name":"stderr","time":190.05122749,"data":"CUDA Graph id 183 reused\n"}
,{"stream_name":"stderr","time":190.051613334,"data":"CUDA Graph id 184 reused\n"}
,{"stream_name":"stderr","time":190.092993377,"data":"CUDA Graph id 183 reused\n"}
,{"stream_name":"stderr","time":190.093468533,"data":"CUDA Graph id 184 reused\n"}
,{"stream_name":"stderr","time":190.134748342,"data":"CUDA Graph id 183 reused\n"}
,{"stream_name":"stderr","time":190.135238702,"data":"CUDA Graph id 184 reused\n"}
,{"stream_name":"stderr","time":190.176374924,"data":"CUDA Graph id 183 reused\n"}
,{"stream_name":"stderr","time":190.176936956,"data":"CUDA Graph id 184 reused\n"}
,{"stream_name":"stderr","time":190.218083752,"data":"CUDA Graph id 183 reused\n"}
,{"stream_name":"stderr","time":190.218565191,"data":"CUDA Graph id 184 reused\n"}
,{"stream_name":"stderr","time":190.260091705,"data":"CUDA Graph id 183 reused\n"}
,{"stream_name":"stderr","time":190.260509271,"data":"CUDA Graph id 184 reused\n"}
,{"stream_name":"stderr","time":190.302279837,"data":"CUDA Graph id 183 reused\n"}
,{"stream_name":"stderr","time":190.302864198,"data":"CUDA Graph id 184 reused\n"}
,{"stream_name":"stderr","time":190.344832115,"data":"CUDA Graph id 183 reused\n"}
,{"stream_name":"stderr","time":190.345305374,"data":"CUDA Graph id 184 reused\n"}
,{"stream_name":"stderr","time":190.387415597,"data":"CUDA Graph id 183 reused\n"}
,{"stream_name":"stderr","time":190.387897928,"data":"CUDA Graph id 184 reused\n"}
,{"stream_name":"stderr","time":190.429586564,"data":"CUDA Graph id 183 reused\n"}
,{"stream_name":"stderr","time":190.430108051,"data":"CUDA Graph id 184 reused\n"}
,{"stream_name":"stderr","time":190.471710177,"data":"CUDA Graph id 183 reused\n"}
,{"stream_name":"stderr","time":190.472194047,"data":"CUDA Graph id 184 reused\n"}
,{"stream_name":"stderr","time":190.513754918,"data":"CUDA Graph id 183 reused\n"}
,{"stream_name":"stderr","time":190.514195976,"data":"CUDA Graph id 184 reused\n"}
,{"stream_name":"stderr","time":190.555495074,"data":"CUDA Graph id 183 reused\n"}
,{"stream_name":"stderr","time":190.555990597,"data":"CUDA Graph id 184 reused\n"}
,{"stream_name":"stderr","time":190.597339837,"data":"CUDA Graph id 183 reused\n"}
,{"stream_name":"stderr","time":190.597763832,"data":"CUDA Graph id 184 reused\n"}
,{"stream_name":"stderr","time":190.639087435,"data":"CUDA Graph id 183 reused\n"}
,{"stream_name":"stderr","time":190.639517446,"data":"CUDA Graph id 184 reused\n"}
,{"stream_name":"stderr","time":190.680790853,"data":"CUDA Graph id 183 reused\n"}
,{"stream_name":"stderr","time":190.681197847,"data":"CUDA Graph id 184 reused\n"}
,{"stream_name":"stderr","time":190.722454025,"data":"CUDA Graph id 183 reused\n"}
,{"stream_name":"stderr","time":190.722982281,"data":"CUDA Graph id 184 reused\n"}
,{"stream_name":"stderr","time":190.76427389,"data":"CUDA Graph id 183 reused\n"}
,{"stream_name":"stderr","time":190.764755081,"data":"CUDA Graph id 184 reused\n"}
,{"stream_name":"stderr","time":190.806149341,"data":"CUDA Graph id 183 reused\n"}
,{"stream_name":"stderr","time":190.806598583,"data":"CUDA Graph id 184 reused\n"}
,{"stream_name":"stderr","time":190.848475189,"data":"CUDA Graph id 183 reused\n"}
,{"stream_name":"stderr","time":190.848885464,"data":"CUDA Graph id 184 reused\n"}
,{"stream_name":"stderr","time":190.890927908,"data":"CUDA Graph id 183 reused\n"}
,{"stream_name":"stderr","time":190.89140428,"data":"CUDA Graph id 184 reused\n"}
,{"stream_name":"stderr","time":190.933440036,"data":"CUDA Graph id 183 reused\n"}
,{"stream_name":"stderr","time":190.933908479,"data":"CUDA Graph id 184 reused\n"}
,{"stream_name":"stderr","time":190.975945256,"data":"CUDA Graph id 183 reused\n"}
,{"stream_name":"stderr","time":190.976328814,"data":"CUDA Graph id 184 reused\n"}
,{"stream_name":"stderr","time":191.018345096,"data":"CUDA Graph id 183 reused\n"}
,{"stream_name":"stderr","time":191.018659525,"data":"CUDA Graph id 184 reused\n"}
,{"stream_name":"stderr","time":191.06034937,"data":"CUDA Graph id 183 reused\n"}
,{"stream_name":"stderr","time":191.060746586,"data":"CUDA Graph id 184 reused\n"}
,{"stream_name":"stderr","time":191.102411467,"data":"CUDA Graph id 183 reused\n"}
,{"stream_name":"stderr","time":191.102816358,"data":"CUDA Graph id 184 reused\n"}
,{"stream_name":"stderr","time":191.144458666,"data":"CUDA Graph id 183 reused\n"}
,{"stream_name":"stderr","time":191.144935771,"data":"CUDA Graph id 184 reused\n"}
,{"stream_name":"stderr","time":191.186436659,"data":"CUDA Graph id 183 reused\n"}
,{"stream_name":"stderr","time":191.186864946,"data":"CUDA Graph id 184 reused\n"}
,{"stream_name":"stderr","time":191.228210621,"data":"CUDA Graph id 183 reused\n"}
,{"stream_name":"stderr","time":191.228531552,"data":"CUDA Graph id 184 reused\n"}
,{"stream_name":"stderr","time":191.271741139,"data":"CUDA Graph id 183 reused\n"}
,{"stream_name":"stderr","time":191.271949046,"data":"CUDA Graph id 184 reused\n"}
,{"stream_name":"stderr","time":191.313253416,"data":"CUDA Graph id 183 reused\n"}
,{"stream_name":"stderr","time":191.31394243,"data":"CUDA Graph id 184 reused\n"}
,{"stream_name":"stderr","time":191.35558438,"data":"CUDA Graph id 183 reused\n"}
,{"stream_name":"stderr","time":191.355994102,"data":"CUDA Graph id 184 reused\n"}
,{"stream_name":"stderr","time":191.397859196,"data":"CUDA Graph id 183 reused\n"}
,{"stream_name":"stderr","time":191.398302662,"data":"CUDA Graph id 184 reused\n"}
,{"stream_name":"stderr","time":191.440417332,"data":"CUDA Graph id 183 reused\n"}
,{"stream_name":"stderr","time":191.440928386,"data":"CUDA Graph id 184 reused\n"}
,{"stream_name":"stderr","time":191.482761988,"data":"CUDA Graph id 183 reused\n"}
,{"stream_name":"stderr","time":191.483252196,"data":"CUDA Graph id 184 reused\n"}
,{"stream_name":"stderr","time":191.524928131,"data":"CUDA Graph id 183 reused\n"}
,{"stream_name":"stderr","time":191.525428844,"data":"CUDA Graph id 184 reused\n"}
,{"stream_name":"stderr","time":191.567101921,"data":"CUDA Graph id 183 reused\n"}
,{"stream_name":"stderr","time":191.567538658,"data":"CUDA Graph id 184 reused\n"}
,{"stream_name":"stderr","time":191.609136484,"data":"CUDA Graph id 183 reused\n"}
,{"stream_name":"stderr","time":191.60955899,"data":"CUDA Graph id 184 reused\n"}
,{"stream_name":"stderr","time":191.651059301,"data":"CUDA Graph id 183 reused\n"}
,{"stream_name":"stderr","time":191.651477197,"data":"CUDA Graph id 184 reused\n"}
,{"stream_name":"stderr","time":191.692797488,"data":"CUDA Graph id 183 reused\n"}
,{"stream_name":"stderr","time":191.69322565,"data":"CUDA Graph id 184 reused\n"}
,{"stream_name":"stderr","time":191.734654624,"data":"CUDA Graph id 183 reused\n"}
,{"stream_name":"stderr","time":191.735111045,"data":"CUDA Graph id 184 reused\n"}
,{"stream_name":"stderr","time":191.77652279,"data":"CUDA Graph id 183 reused\n"}
,{"stream_name":"stderr","time":191.776943821,"data":"CUDA Graph id 184 reused\n"}
,{"stream_name":"stderr","time":191.818355921,"data":"CUDA Graph id 183 reused\n"}
,{"stream_name":"stderr","time":191.818768879,"data":"CUDA Graph id 184 reused\n"}
,{"stream_name":"stderr","time":191.860396238,"data":"CUDA Graph id 183 reused\n"}
,{"stream_name":"stderr","time":191.860804745,"data":"CUDA Graph id 184 reused\n"}
,{"stream_name":"stderr","time":191.902911818,"data":"CUDA Graph id 183 reused\n"}
,{"stream_name":"stderr","time":191.903208276,"data":"CUDA Graph id 184 reused\n"}
,{"stream_name":"stderr","time":191.945316953,"data":"CUDA Graph id 183 reused\n"}
,{"stream_name":"stderr","time":191.94566698,"data":"CUDA Graph id 184 reused\n"}
,{"stream_name":"stderr","time":191.987949121,"data":"CUDA Graph id 183 reused\n"}
,{"stream_name":"stderr","time":191.9883869,"data":"CUDA Graph id 184 reused\n"}
,{"stream_name":"stderr","time":192.030367693,"data":"CUDA Graph id 183 reused\n"}
,{"stream_name":"stderr","time":192.03077711,"data":"CUDA Graph id 184 reused\n"}
,{"stream_name":"stderr","time":192.072535888,"data":"CUDA Graph id 183 reused\n"}
,{"stream_name":"stderr","time":192.0730097,"data":"CUDA Graph id 184 reused\n"}
,{"stream_name":"stderr","time":192.116478184,"data":"ggml_backend_cuda_graph_compute: CUDA graph warmup reset\n"}
,{"stream_name":"stderr","time":192.11920706,"data":"ggml_backend_cuda_graph_compute: CUDA graph warmup reset\n"}
,{"stream_name":"stderr","time":192.160277481,"data":"CUDA Graph id 187 reused\n"}
,{"stream_name":"stderr","time":192.160323329,"data":"ggml_backend_cuda_graph_compute: CUDA graph warmup complete\n"}
,{"stream_name":"stderr","time":192.162643617,"data":"CUDA Graph id 188 reused\n"}
,{"stream_name":"stderr","time":192.162684903,"data":"ggml_backend_cuda_graph_compute: CUDA graph warmup complete\n"}
,{"stream_name":"stderr","time":192.205655538,"data":"CUDA Graph id 187 reused\n"}
,{"stream_name":"stderr","time":192.20613964,"data":"CUDA Graph id 188 reused\n"}
,{"stream_name":"stderr","time":192.249513263,"data":"CUDA Graph id 187 reused\n"}
,{"stream_name":"stderr","time":192.249982607,"data":"CUDA Graph id 188 reused\n"}
,{"stream_name":"stderr","time":192.293636955,"data":"CUDA Graph id 187 reused\n"}
,{"stream_name":"stderr","time":192.294148202,"data":"CUDA Graph id 188 reused\n"}
,{"stream_name":"stderr","time":192.337585036,"data":"CUDA Graph id 187 reused\n"}
,{"stream_name":"stderr","time":192.338039408,"data":"CUDA Graph id 188 reused\n"}
,{"stream_name":"stderr","time":192.381357711,"data":"CUDA Graph id 187 reused\n"}
,{"stream_name":"stderr","time":192.381763042,"data":"CUDA Graph id 188 reused\n"}
,{"stream_name":"stderr","time":192.424756044,"data":"CUDA Graph id 187 reused\n"}
,{"stream_name":"stderr","time":192.425199795,"data":"CUDA Graph id 188 reused\n"}
,{"stream_name":"stderr","time":192.467955962,"data":"CUDA Graph id 187 reused\n"}
,{"stream_name":"stderr","time":192.468423256,"data":"CUDA Graph id 188 reused\n"}
,{"stream_name":"stderr","time":192.511487041,"data":"CUDA Graph id 187 reused\n"}
,{"stream_name":"stderr","time":192.511984914,"data":"CUDA Graph id 188 reused\n"}
,{"stream_name":"stderr","time":192.555671785,"data":"CUDA Graph id 187 reused\n"}
,{"stream_name":"stderr","time":192.556078845,"data":"CUDA Graph id 188 reused\n"}
,{"stream_name":"stderr","time":192.599524431,"data":"CUDA Graph id 187 reused\n"}
,{"stream_name":"stderr","time":192.6000235,"data":"CUDA Graph id 188 reused\n"}
,{"stream_name":"stderr","time":192.643482261,"data":"CUDA Graph id 187 reused\n"}
,{"stream_name":"stderr","time":192.643955757,"data":"CUDA Graph id 188 reused\n"}
,{"stream_name":"stderr","time":192.687173115,"data":"CUDA Graph id 187 reused\n"}
,{"stream_name":"stderr","time":192.687693263,"data":"CUDA Graph id 188 reused\n"}
,{"stream_name":"stderr","time":192.730668499,"data":"CUDA Graph id 187 reused\n"}
,{"stream_name":"stderr","time":192.731177156,"data":"CUDA Graph id 188 reused\n"}
,{"stream_name":"stderr","time":192.774281572,"data":"CUDA Graph id 187 reused\n"}
,{"stream_name":"stderr","time":192.774744524,"data":"CUDA Graph id 188 reused\n"}
,{"stream_name":"stderr","time":192.818428193,"data":"CUDA Graph id 187 reused\n"}
,{"stream_name":"stderr","time":192.818918217,"data":"CUDA Graph id 188 reused\n"}
,{"stream_name":"stderr","time":192.862668566,"data":"CUDA Graph id 187 reused\n"}
,{"stream_name":"stderr","time":192.863172552,"data":"CUDA Graph id 188 reused\n"}
,{"stream_name":"stderr","time":192.90662978,"data":"CUDA Graph id 187 reused\n"}
,{"stream_name":"stderr","time":192.907126133,"data":"CUDA Graph id 188 reused\n"}
,{"stream_name":"stderr","time":192.95024181,"data":"CUDA Graph id 187 reused\n"}
,{"stream_name":"stderr","time":192.950693348,"data":"CUDA Graph id 188 reused\n"}
,{"stream_name":"stderr","time":192.993546302,"data":"CUDA Graph id 187 reused\n"}
,{"stream_name":"stderr","time":192.994062595,"data":"CUDA Graph id 188 reused\n"}
,{"stream_name":"stderr","time":193.03705537,"data":"CUDA Graph id 187 reused\n"}
,{"stream_name":"stderr","time":193.037564549,"data":"CUDA Graph id 188 reused\n"}
,{"stream_name":"stderr","time":193.081073843,"data":"CUDA Graph id 187 reused\n"}
,{"stream_name":"stderr","time":193.081578799,"data":"CUDA Graph id 188 reused\n"}
,{"stream_name":"stderr","time":193.125484266,"data":"CUDA Graph id 187 reused\n"}
,{"stream_name":"stderr","time":193.126040873,"data":"CUDA Graph id 188 reused\n"}
,{"stream_name":"stderr","time":193.16940702,"data":"CUDA Graph id 187 reused\n"}
,{"stream_name":"stderr","time":193.169900762,"data":"CUDA Graph id 188 reused\n"}
,{"stream_name":"stderr","time":193.213289604,"data":"CUDA Graph id 187 reused\n"}
,{"stream_name":"stderr","time":193.2138613,"data":"CUDA Graph id 188 reused\n"}
,{"stream_name":"stderr","time":193.256812624,"data":"CUDA Graph id 187 reused\n"}
,{"stream_name":"stderr","time":193.257266168,"data":"CUDA Graph id 188 reused\n"}
,{"stream_name":"stderr","time":193.300066651,"data":"CUDA Graph id 187 reused\n"}
,{"stream_name":"stderr","time":193.300565496,"data":"CUDA Graph id 188 reused\n"}
,{"stream_name":"stderr","time":193.344379983,"data":"CUDA Graph id 187 reused\n"}
,{"stream_name":"stderr","time":193.344860058,"data":"CUDA Graph id 188 reused\n"}
,{"stream_name":"stderr","time":193.389107659,"data":"CUDA Graph id 187 reused\n"}
,{"stream_name":"stderr","time":193.389606227,"data":"CUDA Graph id 188 reused\n"}
,{"stream_name":"stderr","time":193.433006462,"data":"CUDA Graph id 187 reused\n"}
,{"stream_name":"stderr","time":193.433478812,"data":"CUDA Graph id 188 reused\n"}
,{"stream_name":"stderr","time":193.476834308,"data":"CUDA Graph id 187 reused\n"}
,{"stream_name":"stderr","time":193.477306943,"data":"CUDA Graph id 188 reused\n"}
,{"stream_name":"stderr","time":193.520515428,"data":"CUDA Graph id 187 reused\n"}
,{"stream_name":"stderr","time":193.5211067,"data":"CUDA Graph id 188 reused\n"}
,{"stream_name":"stderr","time":193.56398678,"data":"CUDA Graph id 187 reused\n"}
,{"stream_name":"stderr","time":193.564510451,"data":"CUDA Graph id 188 reused\n"}
,{"stream_name":"stderr","time":193.607636455,"data":"CUDA Graph id 187 reused\n"}
,{"stream_name":"stderr","time":193.608204388,"data":"CUDA Graph id 188 reused\n"}
,{"stream_name":"stderr","time":193.651930165,"data":"CUDA Graph id 187 reused\n"}
,{"stream_name":"stderr","time":193.652479489,"data":"CUDA Graph id 188 reused\n"}
,{"stream_name":"stderr","time":193.69607462,"data":"CUDA Graph id 187 reused\n"}
,{"stream_name":"stderr","time":193.696686808,"data":"CUDA Graph id 188 reused\n"}
,{"stream_name":"stderr","time":193.740217305,"data":"CUDA Graph id 187 reused\n"}
,{"stream_name":"stderr","time":193.740627542,"data":"CUDA Graph id 188 reused\n"}
,{"stream_name":"stderr","time":193.783841166,"data":"CUDA Graph id 187 reused\n"}
,{"stream_name":"stderr","time":193.784295742,"data":"CUDA Graph id 188 reused\n"}
,{"stream_name":"stderr","time":193.827207464,"data":"CUDA Graph id 187 reused\n"}
,{"stream_name":"stderr","time":193.827602211,"data":"CUDA Graph id 188 reused\n"}
,{"stream_name":"stderr","time":193.870693342,"data":"CUDA Graph id 187 reused\n"}
,{"stream_name":"stderr","time":193.871126312,"data":"CUDA Graph id 188 reused\n"}
,{"stream_name":"stderr","time":193.915000515,"data":"CUDA Graph id 187 reused\n"}
,{"stream_name":"stderr","time":193.915460292,"data":"CUDA Graph id 188 reused\n"}
,{"stream_name":"stderr","time":193.959373908,"data":"CUDA Graph id 187 reused\n"}
,{"stream_name":"stderr","time":193.959806045,"data":"CUDA Graph id 188 reused\n"}
,{"stream_name":"stderr","time":194.003374725,"data":"CUDA Graph id 187 reused\n"}
,{"stream_name":"stderr","time":194.003811231,"data":"CUDA Graph id 188 reused\n"}
,{"stream_name":"stderr","time":194.047223967,"data":"CUDA Graph id 187 reused\n"}
,{"stream_name":"stderr","time":194.047609629,"data":"CUDA Graph id 188 reused\n"}
,{"stream_name":"stderr","time":194.090822965,"data":"CUDA Graph id 187 reused\n"}
,{"stream_name":"stderr","time":194.091330383,"data":"CUDA Graph id 188 reused\n"}
,{"stream_name":"stderr","time":194.134541821,"data":"CUDA Graph id 187 reused\n"}
,{"stream_name":"stderr","time":194.135098972,"data":"CUDA Graph id 188 reused\n"}
,{"stream_name":"stderr","time":194.178810316,"data":"CUDA Graph id 187 reused\n"}
,{"stream_name":"stderr","time":194.179252234,"data":"CUDA Graph id 188 reused\n"}
,{"stream_name":"stderr","time":194.222906366,"data":"CUDA Graph id 187 reused\n"}
,{"stream_name":"stderr","time":194.223427956,"data":"CUDA Graph id 188 reused\n"}
,{"stream_name":"stderr","time":194.266979736,"data":"CUDA Graph id 187 reused\n"}
,{"stream_name":"stderr","time":194.267498764,"data":"CUDA Graph id 188 reused\n"}
,{"stream_name":"stderr","time":194.310805215,"data":"CUDA Graph id 187 reused\n"}
,{"stream_name":"stderr","time":194.311295557,"data":"CUDA Graph id 188 reused\n"}
,{"stream_name":"stderr","time":194.354425864,"data":"CUDA Graph id 187 reused\n"}
,{"stream_name":"stderr","time":194.354950404,"data":"CUDA Graph id 188 reused\n"}
,{"stream_name":"stderr","time":194.398348115,"data":"CUDA Graph id 187 reused\n"}
,{"stream_name":"stderr","time":194.398751894,"data":"CUDA Graph id 188 reused\n"}
,{"stream_name":"stderr","time":194.442641318,"data":"CUDA Graph id 187 reused\n"}
,{"stream_name":"stderr","time":194.443218754,"data":"CUDA Graph id 188 reused\n"}
,{"stream_name":"stderr","time":194.486844502,"data":"CUDA Graph id 187 reused\n"}
,{"stream_name":"stderr","time":194.487332842,"data":"CUDA Graph id 188 reused\n"}
,{"stream_name":"stderr","time":194.530844856,"data":"CUDA Graph id 187 reused\n"}
,{"stream_name":"stderr","time":194.531357151,"data":"CUDA Graph id 188 reused\n"}
,{"stream_name":"stderr","time":194.574633761,"data":"CUDA Graph id 187 reused\n"}
,{"stream_name":"stderr","time":194.575163367,"data":"CUDA Graph id 188 reused\n"}
,{"stream_name":"stderr","time":194.618397472,"data":"CUDA Graph id 187 reused\n"}
,{"stream_name":"stderr","time":194.618993621,"data":"CUDA Graph id 188 reused\n"}
,{"stream_name":"stderr","time":194.662157383,"data":"CUDA Graph id 187 reused\n"}
,{"stream_name":"stderr","time":194.662632589,"data":"CUDA Graph id 188 reused\n"}
,{"stream_name":"stderr","time":194.706518291,"data":"CUDA Graph id 187 reused\n"}
,{"stream_name":"stderr","time":194.707207223,"data":"CUDA Graph id 188 reused\n"}
,{"stream_name":"stderr","time":194.750800551,"data":"CUDA Graph id 187 reused\n"}
,{"stream_name":"stderr","time":194.751350915,"data":"CUDA Graph id 188 reused\n"}
,{"stream_name":"stderr","time":194.79496179,"data":"CUDA Graph id 187 reused\n"}
,{"stream_name":"stderr","time":194.795487328,"data":"CUDA Graph id 188 reused\n"}
,{"stream_name":"stderr","time":194.838744008,"data":"CUDA Graph id 187 reused\n"}
,{"stream_name":"stderr","time":194.83929289,"data":"CUDA Graph id 188 reused\n"}
,{"stream_name":"stderr","time":194.882241564,"data":"CUDA Graph id 187 reused\n"}
,{"stream_name":"stderr","time":194.882748887,"data":"CUDA Graph id 188 reused\n"}
,{"stream_name":"stderr","time":194.926106464,"data":"CUDA Graph id 187 reused\n"}
,{"stream_name":"stderr","time":194.926598334,"data":"CUDA Graph id 188 reused\n"}
,{"stream_name":"stderr","time":194.970564808,"data":"CUDA Graph id 187 reused\n"}
,{"stream_name":"stderr","time":194.971144289,"data":"CUDA Graph id 188 reused\n"}
,{"stream_name":"stderr","time":195.014972642,"data":"CUDA Graph id 187 reused\n"}
,{"stream_name":"stderr","time":195.015614249,"data":"CUDA Graph id 188 reused\n"}
,{"stream_name":"stderr","time":195.059110357,"data":"CUDA Graph id 187 reused\n"}
,{"stream_name":"stderr","time":195.059489782,"data":"CUDA Graph id 188 reused\n"}
,{"stream_name":"stderr","time":195.102787104,"data":"CUDA Graph id 187 reused\n"}
,{"stream_name":"stderr","time":195.103279771,"data":"CUDA Graph id 188 reused\n"}
,{"stream_name":"stderr","time":195.146216686,"data":"CUDA Graph id 187 reused\n"}
,{"stream_name":"stderr","time":195.146817686,"data":"CUDA Graph id 188 reused\n"}
,{"stream_name":"stderr","time":195.189777043,"data":"CUDA Graph id 187 reused\n"}
,{"stream_name":"stderr","time":195.190303624,"data":"CUDA Graph id 188 reused\n"}
,{"stream_name":"stderr","time":195.235032724,"data":"CUDA Graph id 187 reused\n"}
,{"stream_name":"stderr","time":195.235509199,"data":"CUDA Graph id 188 reused\n"}
,{"stream_name":"stderr","time":195.280416751,"data":"CUDA Graph id 187 reused\n"}
,{"stream_name":"stderr","time":195.280899742,"data":"CUDA Graph id 188 reused\n"}
,{"stream_name":"stderr","time":195.324577557,"data":"CUDA Graph id 187 reused\n"}
,{"stream_name":"stderr","time":195.325142556,"data":"CUDA Graph id 188 reused\n"}
,{"stream_name":"stderr","time":195.368364415,"data":"CUDA Graph id 187 reused\n"}
,{"stream_name":"stderr","time":195.368810565,"data":"CUDA Graph id 188 reused\n"}
,{"stream_name":"stderr","time":195.412017882,"data":"CUDA Graph id 187 reused\n"}
,{"stream_name":"stderr","time":195.412521855,"data":"CUDA Graph id 188 reused\n"}
,{"stream_name":"stderr","time":195.456094237,"data":"CUDA Graph id 187 reused\n"}
,{"stream_name":"stderr","time":195.456555764,"data":"CUDA Graph id 188 reused\n"}
,{"stream_name":"stderr","time":195.500569808,"data":"CUDA Graph id 187 reused\n"}
,{"stream_name":"stderr","time":195.501084747,"data":"CUDA Graph id 188 reused\n"}
,{"stream_name":"stderr","time":195.544672519,"data":"CUDA Graph id 187 reused\n"}
,{"stream_name":"stderr","time":195.545160199,"data":"CUDA Graph id 188 reused\n"}
,{"stream_name":"stderr","time":195.588812765,"data":"CUDA Graph id 187 reused\n"}
,{"stream_name":"stderr","time":195.589185781,"data":"CUDA Graph id 188 reused\n"}
,{"stream_name":"stderr","time":195.632435292,"data":"CUDA Graph id 187 reused\n"}
,{"stream_name":"stderr","time":195.632904349,"data":"CUDA Graph id 188 reused\n"}
,{"stream_name":"stderr","time":195.675948133,"data":"CUDA Graph id 187 reused\n"}
,{"stream_name":"stderr","time":195.676436863,"data":"CUDA Graph id 188 reused\n"}
,{"stream_name":"stderr","time":195.720635081,"data":"CUDA Graph id 187 reused\n"}
,{"stream_name":"stderr","time":195.721239322,"data":"CUDA Graph id 188 reused\n"}
,{"stream_name":"stderr","time":195.76535144,"data":"CUDA Graph id 187 reused\n"}
,{"stream_name":"stderr","time":195.765872999,"data":"CUDA Graph id 188 reused\n"}
,{"stream_name":"stderr","time":195.809490631,"data":"CUDA Graph id 187 reused\n"}
,{"stream_name":"stderr","time":195.80998303,"data":"CUDA Graph id 188 reused\n"}
,{"stream_name":"stderr","time":195.853428943,"data":"CUDA Graph id 187 reused\n"}
,{"stream_name":"stderr","time":195.853905961,"data":"CUDA Graph id 188 reused\n"}
,{"stream_name":"stderr","time":195.897082965,"data":"CUDA Graph id 187 reused\n"}
,{"stream_name":"stderr","time":195.897567922,"data":"CUDA Graph id 188 reused\n"}
,{"stream_name":"stderr","time":195.940777076,"data":"CUDA Graph id 187 reused\n"}
,{"stream_name":"stderr","time":195.941254077,"data":"CUDA Graph id 188 reused\n"}
,{"stream_name":"stderr","time":195.985106377,"data":"CUDA Graph id 187 reused\n"}
,{"stream_name":"stderr","time":195.985580291,"data":"CUDA Graph id 188 reused\n"}
,{"stream_name":"stderr","time":196.02995603,"data":"CUDA Graph id 187 reused\n"}
,{"stream_name":"stderr","time":196.030459379,"data":"CUDA Graph id 188 reused\n"}
,{"stream_name":"stderr","time":196.074139988,"data":"CUDA Graph id 187 reused\n"}
,{"stream_name":"stderr","time":196.074609016,"data":"CUDA Graph id 188 reused\n"}
,{"stream_name":"stderr","time":196.118117648,"data":"CUDA Graph id 187 reused\n"}
,{"stream_name":"stderr","time":196.118589312,"data":"CUDA Graph id 188 reused\n"}
,{"stream_name":"stderr","time":196.161802706,"data":"CUDA Graph id 187 reused\n"}
,{"stream_name":"stderr","time":196.16224358,"data":"CUDA Graph id 188 reused\n"}
,{"stream_name":"stderr","time":196.20552439,"data":"CUDA Graph id 187 reused\n"}
,{"stream_name":"stderr","time":196.206083572,"data":"CUDA Graph id 188 reused\n"}
,{"stream_name":"stderr","time":196.251002998,"data":"CUDA Graph id 187 reused\n"}
,{"stream_name":"stderr","time":196.251428601,"data":"CUDA Graph id 188 reused\n"}
,{"stream_name":"stderr","time":196.296205822,"data":"CUDA Graph id 187 reused\n"}
,{"stream_name":"stderr","time":196.296646817,"data":"CUDA Graph id 188 reused\n"}
,{"stream_name":"stderr","time":196.340500102,"data":"CUDA Graph id 187 reused\n"}
,{"stream_name":"stderr","time":196.341014737,"data":"CUDA Graph id 188 reused\n"}
,{"stream_name":"stderr","time":196.384454374,"data":"CUDA Graph id 187 reused\n"}
,{"stream_name":"stderr","time":196.38494806,"data":"CUDA Graph id 188 reused\n"}
,{"stream_name":"stderr","time":196.42829349,"data":"CUDA Graph id 187 reused\n"}
,{"stream_name":"stderr","time":196.428756576,"data":"CUDA Graph id 188 reused\n"}
,{"stream_name":"stderr","time":196.472486821,"data":"CUDA Graph id 187 reused\n"}
,{"stream_name":"stderr","time":196.473041619,"data":"CUDA Graph id 188 reused\n"}
,{"stream_name":"stderr","time":196.516883364,"data":"CUDA Graph id 187 reused\n"}
,{"stream_name":"stderr","time":196.517361255,"data":"CUDA Graph id 188 reused\n"}
,{"stream_name":"stderr","time":196.561029773,"data":"CUDA Graph id 187 reused\n"}
,{"stream_name":"stderr","time":196.561474429,"data":"CUDA Graph id 188 reused\n"}
,{"stream_name":"stderr","time":196.604934478,"data":"CUDA Graph id 187 reused\n"}
,{"stream_name":"stderr","time":196.605409236,"data":"CUDA Graph id 188 reused\n"}
,{"stream_name":"stderr","time":196.648575835,"data":"CUDA Graph id 187 reused\n"}
,{"stream_name":"stderr","time":196.649102752,"data":"CUDA Graph id 188 reused\n"}
,{"stream_name":"stderr","time":196.692307284,"data":"CUDA Graph id 187 reused\n"}
,{"stream_name":"stderr","time":196.692884133,"data":"CUDA Graph id 188 reused\n"}
,{"stream_name":"stderr","time":196.736621956,"data":"CUDA Graph id 187 reused\n"}
,{"stream_name":"stderr","time":196.737104622,"data":"CUDA Graph id 188 reused\n"}
,{"stream_name":"stderr","time":196.78114549,"data":"CUDA Graph id 187 reused\n"}
,{"stream_name":"stderr","time":196.781501041,"data":"CUDA Graph id 188 reused\n"}
,{"stream_name":"stderr","time":196.825172166,"data":"CUDA Graph id 187 reused\n"}
,{"stream_name":"stderr","time":196.825565823,"data":"CUDA Graph id 188 reused\n"}
,{"stream_name":"stderr","time":196.86922942,"data":"CUDA Graph id 187 reused\n"}
,{"stream_name":"stderr","time":196.869609279,"data":"CUDA Graph id 188 reused\n"}
,{"stream_name":"stderr","time":196.912781801,"data":"CUDA Graph id 187 reused\n"}
,{"stream_name":"stderr","time":196.913297654,"data":"CUDA Graph id 188 reused\n"}
,{"stream_name":"stderr","time":196.956569278,"data":"CUDA Graph id 187 reused\n"}
,{"stream_name":"stderr","time":196.957038146,"data":"CUDA Graph id 188 reused\n"}
,{"stream_name":"stderr","time":197.000841262,"data":"CUDA Graph id 187 reused\n"}
,{"stream_name":"stderr","time":197.001287359,"data":"CUDA Graph id 188 reused\n"}
,{"stream_name":"stderr","time":197.045512609,"data":"CUDA Graph id 187 reused\n"}
,{"stream_name":"stderr","time":197.045971617,"data":"CUDA Graph id 188 reused\n"}
,{"stream_name":"stderr","time":197.089687042,"data":"CUDA Graph id 187 reused\n"}
,{"stream_name":"stderr","time":197.090256936,"data":"CUDA Graph id 188 reused\n"}
,{"stream_name":"stderr","time":197.133679714,"data":"CUDA Graph id 187 reused\n"}
,{"stream_name":"stderr","time":197.134091741,"data":"CUDA Graph id 188 reused\n"}
,{"stream_name":"stderr","time":197.177375546,"data":"CUDA Graph id 187 reused\n"}
,{"stream_name":"stderr","time":197.177881554,"data":"CUDA Graph id 188 reused\n"}
,{"stream_name":"stderr","time":197.221251582,"data":"CUDA Graph id 187 reused\n"}
,{"stream_name":"stderr","time":197.221760344,"data":"CUDA Graph id 188 reused\n"}
,{"stream_name":"stderr","time":197.265512932,"data":"CUDA Graph id 187 reused\n"}
,{"stream_name":"stderr","time":197.266010162,"data":"CUDA Graph id 188 reused\n"}
,{"stream_name":"stderr","time":197.309917562,"data":"CUDA Graph id 187 reused\n"}
,{"stream_name":"stderr","time":197.310378604,"data":"CUDA Graph id 188 reused\n"}
,{"stream_name":"stderr","time":197.353962654,"data":"CUDA Graph id 187 reused\n"}
,{"stream_name":"stderr","time":197.354499424,"data":"CUDA Graph id 188 reused\n"}
,{"stream_name":"stderr","time":197.397981995,"data":"CUDA Graph id 187 reused\n"}
,{"stream_name":"stderr","time":197.398460866,"data":"CUDA Graph id 188 reused\n"}
,{"stream_name":"stderr","time":197.441785603,"data":"CUDA Graph id 187 reused\n"}
,{"stream_name":"stderr","time":197.442285933,"data":"CUDA Graph id 188 reused\n"}
,{"stream_name":"stderr","time":197.4858678,"data":"CUDA Graph id 187 reused\n"}
,{"stream_name":"stderr","time":197.486351927,"data":"CUDA Graph id 188 reused\n"}
,{"stream_name":"stderr","time":197.530212312,"data":"CUDA Graph id 187 reused\n"}
,{"stream_name":"stderr","time":197.530666998,"data":"CUDA Graph id 188 reused\n"}
,{"stream_name":"stderr","time":197.574527266,"data":"CUDA Graph id 187 reused\n"}
,{"stream_name":"stderr","time":197.575010753,"data":"CUDA Graph id 188 reused\n"}
,{"stream_name":"stderr","time":197.618654673,"data":"CUDA Graph id 187 reused\n"}
,{"stream_name":"stderr","time":197.619246478,"data":"CUDA Graph id 188 reused\n"}
,{"stream_name":"stderr","time":197.662509875,"data":"CUDA Graph id 187 reused\n"}
,{"stream_name":"stderr","time":197.663071696,"data":"CUDA Graph id 188 reused\n"}
,{"stream_name":"stderr","time":197.7062054,"data":"CUDA Graph id 187 reused\n"}
,{"stream_name":"stderr","time":197.706685767,"data":"CUDA Graph id 188 reused\n"}
,{"stream_name":"stderr","time":197.750537669,"data":"CUDA Graph id 187 reused\n"}
,{"stream_name":"stderr","time":197.751040962,"data":"CUDA Graph id 188 reused\n"}
,{"stream_name":"stderr","time":197.795022375,"data":"CUDA Graph id 187 reused\n"}
,{"stream_name":"stderr","time":197.795457626,"data":"CUDA Graph id 188 reused\n"}
,{"stream_name":"stderr","time":197.839181575,"data":"CUDA Graph id 187 reused\n"}
,{"stream_name":"stderr","time":197.839768222,"data":"CUDA Graph id 188 reused\n"}
,{"stream_name":"stderr","time":197.883398512,"data":"CUDA Graph id 187 reused\n"}
,{"stream_name":"stderr","time":197.883841399,"data":"CUDA Graph id 188 reused\n"}
,{"stream_name":"stderr","time":197.927242598,"data":"CUDA Graph id 187 reused\n"}
,{"stream_name":"stderr","time":197.927605683,"data":"CUDA Graph id 188 reused\n"}
,{"stream_name":"stderr","time":197.970945072,"data":"CUDA Graph id 187 reused\n"}
,{"stream_name":"stderr","time":197.97135351,"data":"CUDA Graph id 188 reused\n"}
,{"stream_name":"stderr","time":198.015403719,"data":"CUDA Graph id 187 reused\n"}
,{"stream_name":"stderr","time":198.015930141,"data":"CUDA Graph id 188 reused\n"}
,{"stream_name":"stderr","time":198.060041731,"data":"CUDA Graph id 187 reused\n"}
,{"stream_name":"stderr","time":198.06056073,"data":"CUDA Graph id 188 reused\n"}
,{"stream_name":"stderr","time":198.104227256,"data":"CUDA Graph id 187 reused\n"}
,{"stream_name":"stderr","time":198.104744865,"data":"CUDA Graph id 188 reused\n"}
,{"stream_name":"stderr","time":198.148423691,"data":"CUDA Graph id 187 reused\n"}
,{"stream_name":"stderr","time":198.149023418,"data":"CUDA Graph id 188 reused\n"}
,{"stream_name":"stderr","time":198.192182732,"data":"CUDA Graph id 187 reused\n"}
,{"stream_name":"stderr","time":198.192510949,"data":"CUDA Graph id 188 reused\n"}
,{"stream_name":"stderr","time":198.236067943,"data":"CUDA Graph id 187 reused\n"}
,{"stream_name":"stderr","time":198.236539417,"data":"CUDA Graph id 188 reused\n"}
,{"stream_name":"stderr","time":198.280549376,"data":"CUDA Graph id 187 reused\n"}
,{"stream_name":"stderr","time":198.280992495,"data":"CUDA Graph id 188 reused\n"}
,{"stream_name":"stderr","time":198.324909413,"data":"CUDA Graph id 187 reused\n"}
,{"stream_name":"stderr","time":198.325370638,"data":"CUDA Graph id 188 reused\n"}
,{"stream_name":"stderr","time":198.369113898,"data":"CUDA Graph id 187 reused\n"}
,{"stream_name":"stderr","time":198.369481995,"data":"CUDA Graph id 188 reused\n"}
,{"stream_name":"stderr","time":198.412986384,"data":"CUDA Graph id 187 reused\n"}
,{"stream_name":"stderr","time":198.413402842,"data":"CUDA Graph id 188 reused\n"}
,{"stream_name":"stderr","time":198.456749576,"data":"CUDA Graph id 187 reused\n"}
,{"stream_name":"stderr","time":198.457147351,"data":"CUDA Graph id 188 reused\n"}
,{"stream_name":"stderr","time":198.501015997,"data":"CUDA Graph id 187 reused\n"}
,{"stream_name":"stderr","time":198.501387807,"data":"CUDA Graph id 188 reused\n"}
,{"stream_name":"stderr","time":198.545538151,"data":"CUDA Graph id 187 reused\n"}
,{"stream_name":"stderr","time":198.54602889,"data":"CUDA Graph id 188 reused\n"}
,{"stream_name":"stderr","time":198.58988573,"data":"CUDA Graph id 187 reused\n"}
,{"stream_name":"stderr","time":198.590341162,"data":"CUDA Graph id 188 reused\n"}
,{"stream_name":"stderr","time":198.63387571,"data":"CUDA Graph id 187 reused\n"}
,{"stream_name":"stderr","time":198.634330113,"data":"CUDA Graph id 188 reused\n"}
,{"stream_name":"stderr","time":198.67769987,"data":"CUDA Graph id 187 reused\n"}
,{"stream_name":"stderr","time":198.678141437,"data":"CUDA Graph id 188 reused\n"}
,{"stream_name":"stderr","time":198.721505724,"data":"CUDA Graph id 187 reused\n"}
,{"stream_name":"stderr","time":198.721986366,"data":"CUDA Graph id 188 reused\n"}
,{"stream_name":"stderr","time":198.765944546,"data":"CUDA Graph id 187 reused\n"}
,{"stream_name":"stderr","time":198.76642545,"data":"CUDA Graph id 188 reused\n"}
,{"stream_name":"stderr","time":198.81049695,"data":"CUDA Graph id 187 reused\n"}
,{"stream_name":"stderr","time":198.810983826,"data":"CUDA Graph id 188 reused\n"}
,{"stream_name":"stderr","time":198.854669937,"data":"CUDA Graph id 187 reused\n"}
,{"stream_name":"stderr","time":198.855168805,"data":"CUDA Graph id 188 reused\n"}
,{"stream_name":"stderr","time":198.898712707,"data":"CUDA Graph id 187 reused\n"}
,{"stream_name":"stderr","time":198.899227425,"data":"CUDA Graph id 188 reused\n"}
,{"stream_name":"stderr","time":198.942485092,"data":"CUDA Graph id 187 reused\n"}
,{"stream_name":"stderr","time":198.942914335,"data":"CUDA Graph id 188 reused\n"}
,{"stream_name":"stderr","time":198.986485233,"data":"CUDA Graph id 187 reused\n"}
,{"stream_name":"stderr","time":198.98690298,"data":"CUDA Graph id 188 reused\n"}
,{"stream_name":"stderr","time":199.031094301,"data":"CUDA Graph id 187 reused\n"}
,{"stream_name":"stderr","time":199.031575468,"data":"CUDA Graph id 188 reused\n"}
,{"stream_name":"stderr","time":199.075583465,"data":"CUDA Graph id 187 reused\n"}
,{"stream_name":"stderr","time":199.076010836,"data":"CUDA Graph id 188 reused\n"}
,{"stream_name":"stderr","time":199.119827725,"data":"CUDA Graph id 187 reused\n"}
,{"stream_name":"stderr","time":199.120370937,"data":"CUDA Graph id 188 reused\n"}
,{"stream_name":"stderr","time":199.163715368,"data":"CUDA Graph id 187 reused\n"}
,{"stream_name":"stderr","time":199.164295908,"data":"CUDA Graph id 188 reused\n"}
,{"stream_name":"stderr","time":199.207478137,"data":"CUDA Graph id 187 reused\n"}
,{"stream_name":"stderr","time":199.207983831,"data":"CUDA Graph id 188 reused\n"}
,{"stream_name":"stderr","time":199.251800528,"data":"CUDA Graph id 187 reused\n"}
,{"stream_name":"stderr","time":199.252113639,"data":"CUDA Graph id 188 reused\n"}
,{"stream_name":"stderr","time":199.29618088,"data":"CUDA Graph id 187 reused\n"}
,{"stream_name":"stderr","time":199.29675967,"data":"CUDA Graph id 188 reused\n"}
,{"stream_name":"stderr","time":199.340784406,"data":"CUDA Graph id 187 reused\n"}
,{"stream_name":"stderr","time":199.341248289,"data":"CUDA Graph id 188 reused\n"}
,{"stream_name":"stderr","time":199.384853579,"data":"CUDA Graph id 187 reused\n"}
,{"stream_name":"stderr","time":199.385340829,"data":"CUDA Graph id 188 reused\n"}
,{"stream_name":"stderr","time":199.428753835,"data":"CUDA Graph id 187 reused\n"}
,{"stream_name":"stderr","time":199.429260462,"data":"CUDA Graph id 188 reused\n"}
,{"stream_name":"stderr","time":199.472822449,"data":"CUDA Graph id 187 reused\n"}
,{"stream_name":"stderr","time":199.473288505,"data":"CUDA Graph id 188 reused\n"}
,{"stream_name":"stderr","time":199.517223386,"data":"CUDA Graph id 187 reused\n"}
,{"stream_name":"stderr","time":199.517648039,"data":"CUDA Graph id 188 reused\n"}
,{"stream_name":"stderr","time":199.561798625,"data":"CUDA Graph id 187 reused\n"}
,{"stream_name":"stderr","time":199.56215406,"data":"CUDA Graph id 188 reused\n"}
,{"stream_name":"stderr","time":199.606042844,"data":"CUDA Graph id 187 reused\n"}
,{"stream_name":"stderr","time":199.606561968,"data":"CUDA Graph id 188 reused\n"}
,{"stream_name":"stderr","time":199.650074266,"data":"CUDA Graph id 187 reused\n"}
,{"stream_name":"stderr","time":199.650580685,"data":"CUDA Graph id 188 reused\n"}
,{"stream_name":"stderr","time":199.694023163,"data":"CUDA Graph id 187 reused\n"}
,{"stream_name":"stderr","time":199.694490708,"data":"CUDA Graph id 188 reused\n"}
,{"stream_name":"stderr","time":199.738298211,"data":"CUDA Graph id 187 reused\n"}
,{"stream_name":"stderr","time":199.738787067,"data":"CUDA Graph id 188 reused\n"}
,{"stream_name":"stderr","time":199.783256208,"data":"CUDA Graph id 187 reused\n"}
,{"stream_name":"stderr","time":199.783641094,"data":"CUDA Graph id 188 reused\n"}
,{"stream_name":"stderr","time":199.827612941,"data":"CUDA Graph id 187 reused\n"}
,{"stream_name":"stderr","time":199.828175708,"data":"CUDA Graph id 188 reused\n"}
,{"stream_name":"stderr","time":199.871821012,"data":"CUDA Graph id 187 reused\n"}
,{"stream_name":"stderr","time":199.87223848,"data":"CUDA Graph id 188 reused\n"}
,{"stream_name":"stderr","time":199.915891425,"data":"CUDA Graph id 187 reused\n"}
,{"stream_name":"stderr","time":199.916307962,"data":"CUDA Graph id 188 reused\n"}
,{"stream_name":"stderr","time":199.960046312,"data":"CUDA Graph id 187 reused\n"}
,{"stream_name":"stderr","time":199.960436045,"data":"CUDA Graph id 188 reused\n"}
,{"stream_name":"stderr","time":200.004614261,"data":"CUDA Graph id 187 reused\n"}
,{"stream_name":"stderr","time":200.005091383,"data":"CUDA Graph id 188 reused\n"}
,{"stream_name":"stderr","time":200.049398147,"data":"CUDA Graph id 187 reused\n"}
,{"stream_name":"stderr","time":200.049782742,"data":"CUDA Graph id 188 reused\n"}
,{"stream_name":"stderr","time":200.093601546,"data":"CUDA Graph id 187 reused\n"}
,{"stream_name":"stderr","time":200.094143694,"data":"CUDA Graph id 188 reused\n"}
,{"stream_name":"stderr","time":200.137623174,"data":"CUDA Graph id 187 reused\n"}
,{"stream_name":"stderr","time":200.138087003,"data":"CUDA Graph id 188 reused\n"}
,{"stream_name":"stderr","time":200.181457056,"data":"CUDA Graph id 187 reused\n"}
,{"stream_name":"stderr","time":200.181861666,"data":"CUDA Graph id 188 reused\n"}
,{"stream_name":"stderr","time":200.225791808,"data":"CUDA Graph id 187 reused\n"}
,{"stream_name":"stderr","time":200.226262313,"data":"CUDA Graph id 188 reused\n"}
,{"stream_name":"stderr","time":200.270566523,"data":"CUDA Graph id 187 reused\n"}
,{"stream_name":"stderr","time":200.271023401,"data":"CUDA Graph id 188 reused\n"}
,{"stream_name":"stderr","time":200.315021006,"data":"CUDA Graph id 187 reused\n"}
,{"stream_name":"stderr","time":200.315446529,"data":"CUDA Graph id 188 reused\n"}
,{"stream_name":"stderr","time":200.3592507,"data":"CUDA Graph id 187 reused\n"}
,{"stream_name":"stderr","time":200.359689329,"data":"CUDA Graph id 188 reused\n"}
,{"stream_name":"stderr","time":200.402983024,"data":"CUDA Graph id 187 reused\n"}
,{"stream_name":"stderr","time":200.403400981,"data":"CUDA Graph id 188 reused\n"}
,{"stream_name":"stderr","time":200.447166758,"data":"CUDA Graph id 187 reused\n"}
,{"stream_name":"stderr","time":200.447526544,"data":"CUDA Graph id 188 reused\n"}
,{"stream_name":"stderr","time":200.491796743,"data":"CUDA Graph id 187 reused\n"}
,{"stream_name":"stderr","time":200.492314222,"data":"CUDA Graph id 188 reused\n"}
,{"stream_name":"stderr","time":200.53634184,"data":"CUDA Graph id 187 reused\n"}
,{"stream_name":"stderr","time":200.536706308,"data":"CUDA Graph id 188 reused\n"}
,{"stream_name":"stderr","time":200.580662784,"data":"CUDA Graph id 187 reused\n"}
,{"stream_name":"stderr","time":200.581103082,"data":"CUDA Graph id 188 reused\n"}
,{"stream_name":"stderr","time":200.624639335,"data":"CUDA Graph id 187 reused\n"}
,{"stream_name":"stderr","time":200.625125603,"data":"CUDA Graph id 188 reused\n"}
,{"stream_name":"stderr","time":200.668483247,"data":"CUDA Graph id 187 reused\n"}
,{"stream_name":"stderr","time":200.668878335,"data":"CUDA Graph id 188 reused\n"}
,{"stream_name":"stderr","time":200.712784047,"data":"CUDA Graph id 187 reused\n"}
,{"stream_name":"stderr","time":200.713269874,"data":"CUDA Graph id 188 reused\n"}
,{"stream_name":"stderr","time":200.757665097,"data":"CUDA Graph id 187 reused\n"}
,{"stream_name":"stderr","time":200.758178085,"data":"CUDA Graph id 188 reused\n"}
,{"stream_name":"stderr","time":200.802027231,"data":"CUDA Graph id 187 reused\n"}
,{"stream_name":"stderr","time":200.802553131,"data":"CUDA Graph id 188 reused\n"}
,{"stream_name":"stderr","time":200.846280842,"data":"CUDA Graph id 187 reused\n"}
,{"stream_name":"stderr","time":200.846631626,"data":"CUDA Graph id 188 reused\n"}
,{"stream_name":"stderr","time":200.890302305,"data":"CUDA Graph id 187 reused\n"}
,{"stream_name":"stderr","time":200.890775746,"data":"CUDA Graph id 188 reused\n"}
,{"stream_name":"stderr","time":200.934519481,"data":"CUDA Graph id 187 reused\n"}
,{"stream_name":"stderr","time":200.934956066,"data":"CUDA Graph id 188 reused\n"}
,{"stream_name":"stderr","time":200.978750065,"data":"llama_perf_context_print:        load time =     878.59 ms\n"}
,{"stream_name":"stderr","time":200.978790482,"data":"llama_perf_context_print: prompt eval time =      70.43 ms /    18 tokens (    3.91 ms per token,   255.58 tokens per second)\n"}
,{"stream_name":"stderr","time":200.978795537,"data":"llama_perf_context_print:        eval time =   18164.54 ms /   436 runs   (   41.66 ms per token,    24.00 tokens per second)\n"}
,{"stream_name":"stderr","time":200.978798962,"data":"llama_perf_context_print:       total time =   18783.24 ms /   454 tokens\n"}
,{"stream_name":"stderr","time":200.978801902,"data":"llama_perf_context_print:    graphs reused =        434\n"}
,{"stream_name":"stderr","time":201.014239719,"data":"~llama_context:      CUDA0 compute buffer size is 448.0234 MiB, matches expectation of 448.0234 MiB\n"}
,{"stream_name":"stderr","time":201.014281516,"data":"~llama_context:      CUDA1 compute buffer size is 448.0312 MiB, matches expectation of 448.0312 MiB\n"}
,{"stream_name":"stderr","time":201.014286374,"data":"~llama_context:  CUDA_Host compute buffer size is  68.0391 MiB, matches expectation of  68.0391 MiB\n"}
,{"stream_name":"stderr","time":310.488850618,"data":"CUDA Graph id 227 reused\n"}
,{"stream_name":"stderr","time":310.489930969,"data":"ggml_backend_cuda_graph_compute: CUDA graph warmup complete\n"}
,{"stream_name":"stderr","time":310.514813712,"data":"CUDA Graph id 228 reused\n"}
,{"stream_name":"stderr","time":310.514860235,"data":"ggml_backend_cuda_graph_compute: CUDA graph warmup complete\n"}
,{"stream_name":"stderr","time":310.534855316,"data":"ggml_backend_cuda_graph_compute: CUDA graph warmup reset\n"}
,{"stream_name":"stderr","time":310.539162784,"data":"ggml_backend_cuda_graph_compute: CUDA graph warmup reset\n"}
,{"stream_name":"stderr","time":311.206604428,"data":"CUDA Graph id 235 reused\n"}
,{"stream_name":"stderr","time":311.206647945,"data":"ggml_backend_cuda_graph_compute: CUDA graph warmup complete\n"}
,{"stream_name":"stderr","time":311.210598875,"data":"CUDA Graph id 236 reused\n"}
,{"stream_name":"stderr","time":311.210638777,"data":"ggml_backend_cuda_graph_compute: CUDA graph warmup complete\n"}
,{"stream_name":"stderr","time":311.225331204,"data":"CUDA Graph id 235 reused\n"}
,{"stream_name":"stderr","time":311.225758427,"data":"CUDA Graph id 236 reused\n"}
,{"stream_name":"stderr","time":311.241295537,"data":"CUDA Graph id 235 reused\n"}
,{"stream_name":"stderr","time":311.242821967,"data":"CUDA Graph id 236 reused\n"}
,{"stream_name":"stderr","time":311.257855724,"data":"CUDA Graph id 235 reused\n"}
,{"stream_name":"stderr","time":311.257877843,"data":"CUDA Graph id 236 reused\n"}
,{"stream_name":"stderr","time":311.272792415,"data":"CUDA Graph id 235 reused\n"}
,{"stream_name":"stderr","time":311.273759138,"data":"CUDA Graph id 236 reused\n"}
,{"stream_name":"stderr","time":311.289422464,"data":"CUDA Graph id 235 reused\n"}
,{"stream_name":"stderr","time":311.289955023,"data":"CUDA Graph id 236 reused\n"}
,{"stream_name":"stderr","time":311.305692138,"data":"llama_perf_context_print:        load time =     635.80 ms\n"}
,{"stream_name":"stderr","time":311.305777088,"data":"llama_perf_context_print: prompt eval time =    1537.97 ms /  1094 tokens (    1.41 ms per token,   711.33 tokens per second)\n"}
,{"stream_name":"stderr","time":311.305787751,"data":"llama_perf_context_print:        eval time =     127.77 ms /     7 runs   (   18.25 ms per token,    54.78 tokens per second)\n"}
,{"stream_name":"stderr","time":311.305792309,"data":"llama_perf_context_print:       total time =     773.82 ms /  1101 tokens\n"}
,{"stream_name":"stderr","time":311.305796553,"data":"llama_perf_context_print:    graphs reused =          6\n"}
,{"stream_name":"stderr","time":311.374881533,"data":"Llama.generate: 64 prefix-match hit, remaining 16 prompt tokens to eval\n"}
,{"stream_name":"stderr","time":311.377155288,"data":"ggml_backend_cuda_graph_compute: CUDA graph warmup reset\n"}
,{"stream_name":"stderr","time":311.422669044,"data":"ggml_backend_cuda_graph_compute: CUDA graph warmup reset\n"}
,{"stream_name":"stderr","time":311.497690898,"data":"CUDA Graph id 243 reused\n"}
,{"stream_name":"stderr","time":311.497754529,"data":"ggml_backend_cuda_graph_compute: CUDA graph warmup complete\n"}
,{"stream_name":"stderr","time":311.49992795000003,"data":"CUDA Graph id 244 reused\n"}
,{"stream_name":"stderr","time":311.499949326,"data":"ggml_backend_cuda_graph_compute: CUDA graph warmup complete\n"}
,{"stream_name":"stderr","time":311.517143083,"data":"CUDA Graph id 243 reused\n"}
,{"stream_name":"stderr","time":311.517454988,"data":"CUDA Graph id 244 reused\n"}
,{"stream_name":"stderr","time":311.53411557,"data":"CUDA Graph id 243 reused\n"}
,{"stream_name":"stderr","time":311.534409235,"data":"CUDA Graph id 244 reused\n"}
,{"stream_name":"stderr","time":311.550942764,"data":"CUDA Graph id 243 reused\n"}
,{"stream_name":"stderr","time":311.551171032,"data":"CUDA Graph id 244 reused\n"}
,{"stream_name":"stderr","time":311.567145791,"data":"CUDA Graph id 243 reused\n"}
,{"stream_name":"stderr","time":311.567462811,"data":"CUDA Graph id 244 reused\n"}
,{"stream_name":"stderr","time":311.583451062,"data":"CUDA Graph id 243 reused\n"}
,{"stream_name":"stderr","time":311.583755913,"data":"CUDA Graph id 244 reused\n"}
,{"stream_name":"stderr","time":311.599469223,"data":"CUDA Graph id 243 reused\n"}
,{"stream_name":"stderr","time":311.599780104,"data":"CUDA Graph id 244 reused\n"}
,{"stream_name":"stderr","time":311.615287808,"data":"CUDA Graph id 243 reused\n"}
,{"stream_name":"stderr","time":311.615615358,"data":"CUDA Graph id 244 reused\n"}
,{"stream_name":"stderr","time":311.63117856,"data":"CUDA Graph id 243 reused\n"}
,{"stream_name":"stderr","time":311.631545177,"data":"CUDA Graph id 244 reused\n"}
,{"stream_name":"stderr","time":311.647019629,"data":"CUDA Graph id 243 reused\n"}
,{"stream_name":"stderr","time":311.647402359,"data":"CUDA Graph id 244 reused\n"}
,{"stream_name":"stderr","time":311.662896994,"data":"CUDA Graph id 243 reused\n"}
,{"stream_name":"stderr","time":311.663329886,"data":"CUDA Graph id 244 reused\n"}
,{"stream_name":"stderr","time":311.678685526,"data":"CUDA Graph id 243 reused\n"}
,{"stream_name":"stderr","time":311.679072647,"data":"CUDA Graph id 244 reused\n"}
,{"stream_name":"stderr","time":311.694987486,"data":"CUDA Graph id 243 reused\n"}
,{"stream_name":"stderr","time":311.695353576,"data":"CUDA Graph id 244 reused\n"}
,{"stream_name":"stderr","time":311.711006922,"data":"CUDA Graph id 243 reused\n"}
,{"stream_name":"stderr","time":311.711354608,"data":"CUDA Graph id 244 reused\n"}
,{"stream_name":"stderr","time":311.727048444,"data":"CUDA Graph id 243 reused\n"}
,{"stream_name":"stderr","time":311.727329112,"data":"CUDA Graph id 244 reused\n"}
,{"stream_name":"stderr","time":311.742840084,"data":"CUDA Graph id 243 reused\n"}
,{"stream_name":"stderr","time":311.74326069,"data":"CUDA Graph id 244 reused\n"}
,{"stream_name":"stderr","time":311.758508289,"data":"CUDA Graph id 243 reused\n"}
,{"stream_name":"stderr","time":311.758942036,"data":"CUDA Graph id 244 reused\n"}
,{"stream_name":"stderr","time":311.774765921,"data":"CUDA Graph id 243 reused\n"}
,{"stream_name":"stderr","time":311.775167619,"data":"CUDA Graph id 244 reused\n"}
,{"stream_name":"stderr","time":311.791006243,"data":"CUDA Graph id 243 reused\n"}
,{"stream_name":"stderr","time":311.791382614,"data":"CUDA Graph id 244 reused\n"}
,{"stream_name":"stderr","time":311.807125928,"data":"CUDA Graph id 243 reused\n"}
,{"stream_name":"stderr","time":311.807492852,"data":"CUDA Graph id 244 reused\n"}
,{"stream_name":"stderr","time":311.82333831,"data":"CUDA Graph id 243 reused\n"}
,{"stream_name":"stderr","time":311.823579977,"data":"CUDA Graph id 244 reused\n"}
,{"stream_name":"stderr","time":311.839165221,"data":"CUDA Graph id 243 reused\n"}
,{"stream_name":"stderr","time":311.839423468,"data":"CUDA Graph id 244 reused\n"}
,{"stream_name":"stderr","time":311.855149835,"data":"CUDA Graph id 243 reused\n"}
,{"stream_name":"stderr","time":311.855548697,"data":"CUDA Graph id 244 reused\n"}
,{"stream_name":"stderr","time":311.871381784,"data":"CUDA Graph id 243 reused\n"}
,{"stream_name":"stderr","time":311.871759374,"data":"CUDA Graph id 244 reused\n"}
,{"stream_name":"stderr","time":311.887570357,"data":"CUDA Graph id 243 reused\n"}
,{"stream_name":"stderr","time":311.887967673,"data":"CUDA Graph id 244 reused\n"}
,{"stream_name":"stderr","time":311.903427007,"data":"CUDA Graph id 243 reused\n"}
,{"stream_name":"stderr","time":311.903799336,"data":"CUDA Graph id 244 reused\n"}
,{"stream_name":"stderr","time":311.919602413,"data":"CUDA Graph id 243 reused\n"}
,{"stream_name":"stderr","time":311.919899321,"data":"CUDA Graph id 244 reused\n"}
,{"stream_name":"stderr","time":311.935501131,"data":"CUDA Graph id 243 reused\n"}
,{"stream_name":"stderr","time":311.93575885,"data":"CUDA Graph id 244 reused\n"}
,{"stream_name":"stderr","time":311.951405337,"data":"CUDA Graph id 243 reused\n"}
,{"stream_name":"stderr","time":311.951773466,"data":"CUDA Graph id 244 reused\n"}
,{"stream_name":"stderr","time":311.96757286,"data":"CUDA Graph id 243 reused\n"}
,{"stream_name":"stderr","time":311.967961628,"data":"CUDA Graph id 244 reused\n"}
,{"stream_name":"stderr","time":311.983303726,"data":"CUDA Graph id 243 reused\n"}
,{"stream_name":"stderr","time":311.983583738,"data":"CUDA Graph id 244 reused\n"}
,{"stream_name":"stderr","time":311.999273969,"data":"CUDA Graph id 243 reused\n"}
,{"stream_name":"stderr","time":311.999570916,"data":"CUDA Graph id 244 reused\n"}
,{"stream_name":"stderr","time":312.015229021,"data":"CUDA Graph id 243 reused\n"}
,{"stream_name":"stderr","time":312.015593811,"data":"CUDA Graph id 244 reused\n"}
,{"stream_name":"stderr","time":312.031147794,"data":"CUDA Graph id 243 reused\n"}
,{"stream_name":"stderr","time":312.031525564,"data":"CUDA Graph id 244 reused\n"}
,{"stream_name":"stderr","time":312.047269544,"data":"CUDA Graph id 243 reused\n"}
,{"stream_name":"stderr","time":312.047684741,"data":"CUDA Graph id 244 reused\n"}
,{"stream_name":"stderr","time":312.063177176,"data":"CUDA Graph id 243 reused\n"}
,{"stream_name":"stderr","time":312.063587106,"data":"CUDA Graph id 244 reused\n"}
,{"stream_name":"stderr","time":312.079383339,"data":"CUDA Graph id 243 reused\n"}
,{"stream_name":"stderr","time":312.079769535,"data":"CUDA Graph id 244 reused\n"}
,{"stream_name":"stderr","time":312.09568465,"data":"CUDA Graph id 243 reused\n"}
,{"stream_name":"stderr","time":312.096141507,"data":"CUDA Graph id 244 reused\n"}
,{"stream_name":"stderr","time":312.111757537,"data":"CUDA Graph id 243 reused\n"}
,{"stream_name":"stderr","time":312.112120028,"data":"CUDA Graph id 244 reused\n"}
,{"stream_name":"stderr","time":312.127776567,"data":"CUDA Graph id 243 reused\n"}
,{"stream_name":"stderr","time":312.128007683,"data":"CUDA Graph id 244 reused\n"}
,{"stream_name":"stderr","time":312.143699171,"data":"CUDA Graph id 243 reused\n"}
,{"stream_name":"stderr","time":312.144190084,"data":"CUDA Graph id 244 reused\n"}
,{"stream_name":"stderr","time":312.159995222,"data":"CUDA Graph id 243 reused\n"}
,{"stream_name":"stderr","time":312.160427832,"data":"CUDA Graph id 244 reused\n"}
,{"stream_name":"stderr","time":312.176133782,"data":"CUDA Graph id 243 reused\n"}
,{"stream_name":"stderr","time":312.176550887,"data":"CUDA Graph id 244 reused\n"}
,{"stream_name":"stderr","time":312.192356713,"data":"CUDA Graph id 243 reused\n"}
,{"stream_name":"stderr","time":312.192791138,"data":"CUDA Graph id 244 reused\n"}
,{"stream_name":"stderr","time":312.208275487,"data":"CUDA Graph id 243 reused\n"}
,{"stream_name":"stderr","time":312.208756815,"data":"CUDA Graph id 244 reused\n"}
,{"stream_name":"stderr","time":312.224536307,"data":"CUDA Graph id 243 reused\n"}
,{"stream_name":"stderr","time":312.225320197,"data":"CUDA Graph id 244 reused\n"}
,{"stream_name":"stderr","time":312.241134361,"data":"CUDA Graph id 243 reused\n"}
,{"stream_name":"stderr","time":312.24154766,"data":"CUDA Graph id 244 reused\n"}
,{"stream_name":"stderr","time":312.257232409,"data":"CUDA Graph id 243 reused\n"}
,{"stream_name":"stderr","time":312.257652782,"data":"CUDA Graph id 244 reused\n"}
,{"stream_name":"stderr","time":312.273444563,"data":"CUDA Graph id 243 reused\n"}
,{"stream_name":"stderr","time":312.273849877,"data":"CUDA Graph id 244 reused\n"}
,{"stream_name":"stderr","time":312.289671263,"data":"CUDA Graph id 243 reused\n"}
,{"stream_name":"stderr","time":312.289997471,"data":"CUDA Graph id 244 reused\n"}
,{"stream_name":"stderr","time":312.305420963,"data":"CUDA Graph id 243 reused\n"}
,{"stream_name":"stderr","time":312.305761655,"data":"CUDA Graph id 244 reused\n"}
,{"stream_name":"stderr","time":312.321794431,"data":"CUDA Graph id 243 reused\n"}
,{"stream_name":"stderr","time":312.322161359,"data":"CUDA Graph id 244 reused\n"}
,{"stream_name":"stderr","time":312.338024057,"data":"CUDA Graph id 243 reused\n"}
,{"stream_name":"stderr","time":312.33820906,"data":"CUDA Graph id 244 reused\n"}
,{"stream_name":"stderr","time":312.354152362,"data":"CUDA Graph id 243 reused\n"}
,{"stream_name":"stderr","time":312.354442644,"data":"CUDA Graph id 244 reused\n"}
,{"stream_name":"stderr","time":312.370145365,"data":"CUDA Graph id 243 reused\n"}
,{"stream_name":"stderr","time":312.37052057,"data":"CUDA Graph id 244 reused\n"}
,{"stream_name":"stderr","time":312.385938061,"data":"CUDA Graph id 243 reused\n"}
,{"stream_name":"stderr","time":312.386260174,"data":"CUDA Graph id 244 reused\n"}
,{"stream_name":"stderr","time":312.40225455,"data":"CUDA Graph id 243 reused\n"}
,{"stream_name":"stderr","time":312.402474065,"data":"CUDA Graph id 244 reused\n"}
,{"stream_name":"stderr","time":312.418321342,"data":"CUDA Graph id 243 reused\n"}
,{"stream_name":"stderr","time":312.418683397,"data":"CUDA Graph id 244 reused\n"}
,{"stream_name":"stderr","time":312.434726962,"data":"CUDA Graph id 243 reused\n"}
,{"stream_name":"stderr","time":312.434889676,"data":"CUDA Graph id 244 reused\n"}
,{"stream_name":"stderr","time":312.450422621,"data":"CUDA Graph id 243 reused\n"}
,{"stream_name":"stderr","time":312.450809874,"data":"CUDA Graph id 244 reused\n"}
,{"stream_name":"stderr","time":312.466452459,"data":"CUDA Graph id 243 reused\n"}
,{"stream_name":"stderr","time":312.466751986,"data":"CUDA Graph id 244 reused\n"}
,{"stream_name":"stderr","time":312.482638864,"data":"CUDA Graph id 243 reused\n"}
,{"stream_name":"stderr","time":312.483076138,"data":"CUDA Graph id 244 reused\n"}
,{"stream_name":"stderr","time":312.498692435,"data":"CUDA Graph id 243 reused\n"}
,{"stream_name":"stderr","time":312.499146026,"data":"CUDA Graph id 244 reused\n"}
,{"stream_name":"stderr","time":312.514885046,"data":"CUDA Graph id 243 reused\n"}
,{"stream_name":"stderr","time":312.515301748,"data":"CUDA Graph id 244 reused\n"}
,{"stream_name":"stderr","time":312.530767315,"data":"CUDA Graph id 243 reused\n"}
,{"stream_name":"stderr","time":312.531191502,"data":"CUDA Graph id 244 reused\n"}
,{"stream_name":"stderr","time":312.546836045,"data":"CUDA Graph id 243 reused\n"}
,{"stream_name":"stderr","time":312.547285225,"data":"CUDA Graph id 244 reused\n"}
,{"stream_name":"stderr","time":312.563094684,"data":"CUDA Graph id 243 reused\n"}
,{"stream_name":"stderr","time":312.563490392,"data":"CUDA Graph id 244 reused\n"}
,{"stream_name":"stderr","time":312.579104031,"data":"CUDA Graph id 243 reused\n"}
,{"stream_name":"stderr","time":312.579447796,"data":"CUDA Graph id 244 reused\n"}
,{"stream_name":"stderr","time":312.595506636,"data":"CUDA Graph id 243 reused\n"}
,{"stream_name":"stderr","time":312.596051206,"data":"CUDA Graph id 244 reused\n"}
,{"stream_name":"stderr","time":312.611704784,"data":"CUDA Graph id 243 reused\n"}
,{"stream_name":"stderr","time":312.612221269,"data":"CUDA Graph id 244 reused\n"}
,{"stream_name":"stderr","time":312.627762762,"data":"CUDA Graph id 243 reused\n"}
,{"stream_name":"stderr","time":312.628203159,"data":"CUDA Graph id 244 reused\n"}
,{"stream_name":"stderr","time":312.64415244,"data":"CUDA Graph id 243 reused\n"}
,{"stream_name":"stderr","time":312.644642625,"data":"CUDA Graph id 244 reused\n"}
,{"stream_name":"stderr","time":312.660185478,"data":"CUDA Graph id 243 reused\n"}
,{"stream_name":"stderr","time":312.660631849,"data":"CUDA Graph id 244 reused\n"}
,{"stream_name":"stderr","time":312.676625331,"data":"CUDA Graph id 243 reused\n"}
,{"stream_name":"stderr","time":312.677153811,"data":"CUDA Graph id 244 reused\n"}
,{"stream_name":"stderr","time":312.692823506,"data":"CUDA Graph id 243 reused\n"}
,{"stream_name":"stderr","time":312.6932604,"data":"CUDA Graph id 244 reused\n"}
,{"stream_name":"stderr","time":312.709111051,"data":"CUDA Graph id 243 reused\n"}
,{"stream_name":"stderr","time":312.709521463,"data":"CUDA Graph id 244 reused\n"}
,{"stream_name":"stderr","time":312.725417388,"data":"CUDA Graph id 243 reused\n"}
,{"stream_name":"stderr","time":312.725992389,"data":"CUDA Graph id 244 reused\n"}
,{"stream_name":"stderr","time":312.741549137,"data":"CUDA Graph id 243 reused\n"}
,{"stream_name":"stderr","time":312.742074568,"data":"CUDA Graph id 244 reused\n"}
,{"stream_name":"stderr","time":312.75776921,"data":"CUDA Graph id 243 reused\n"}
,{"stream_name":"stderr","time":312.758258932,"data":"CUDA Graph id 244 reused\n"}
,{"stream_name":"stderr","time":312.773798893,"data":"CUDA Graph id 243 reused\n"}
,{"stream_name":"stderr","time":312.774226471,"data":"CUDA Graph id 244 reused\n"}
,{"stream_name":"stderr","time":312.789957731,"data":"CUDA Graph id 243 reused\n"}
,{"stream_name":"stderr","time":312.790434023,"data":"CUDA Graph id 244 reused\n"}
,{"stream_name":"stderr","time":312.806189015,"data":"CUDA Graph id 243 reused\n"}
,{"stream_name":"stderr","time":312.806636379,"data":"CUDA Graph id 244 reused\n"}
,{"stream_name":"stderr","time":312.82242786,"data":"CUDA Graph id 243 reused\n"}
,{"stream_name":"stderr","time":312.822917916,"data":"CUDA Graph id 244 reused\n"}
,{"stream_name":"stderr","time":312.838866482,"data":"CUDA Graph id 243 reused\n"}
,{"stream_name":"stderr","time":312.839343063,"data":"CUDA Graph id 244 reused\n"}
,{"stream_name":"stderr","time":312.854988436,"data":"CUDA Graph id 243 reused\n"}
,{"stream_name":"stderr","time":312.855370857,"data":"CUDA Graph id 244 reused\n"}
,{"stream_name":"stderr","time":312.871111698,"data":"CUDA Graph id 243 reused\n"}
,{"stream_name":"stderr","time":312.871503319,"data":"CUDA Graph id 244 reused\n"}
,{"stream_name":"stderr","time":312.887387892,"data":"CUDA Graph id 243 reused\n"}
,{"stream_name":"stderr","time":312.887822367,"data":"CUDA Graph id 244 reused\n"}
,{"stream_name":"stderr","time":312.903478568,"data":"CUDA Graph id 243 reused\n"}
,{"stream_name":"stderr","time":312.903915779,"data":"CUDA Graph id 244 reused\n"}
,{"stream_name":"stderr","time":312.919941255,"data":"CUDA Graph id 243 reused\n"}
,{"stream_name":"stderr","time":312.920328728,"data":"CUDA Graph id 244 reused\n"}
,{"stream_name":"stderr","time":312.935944328,"data":"CUDA Graph id 243 reused\n"}
,{"stream_name":"stderr","time":312.936283427,"data":"CUDA Graph id 244 reused\n"}
,{"stream_name":"stderr","time":312.9518963,"data":"CUDA Graph id 243 reused\n"}
,{"stream_name":"stderr","time":312.952254588,"data":"CUDA Graph id 244 reused\n"}
,{"stream_name":"stderr","time":312.968144077,"data":"CUDA Graph id 243 reused\n"}
,{"stream_name":"stderr","time":312.968531655,"data":"CUDA Graph id 244 reused\n"}
,{"stream_name":"stderr","time":312.984092154,"data":"CUDA Graph id 243 reused\n"}
,{"stream_name":"stderr","time":312.984377373,"data":"CUDA Graph id 244 reused\n"}
,{"stream_name":"stderr","time":313.000472392,"data":"CUDA Graph id 243 reused\n"}
,{"stream_name":"stderr","time":313.000760703,"data":"CUDA Graph id 244 reused\n"}
,{"stream_name":"stderr","time":313.01646109,"data":"CUDA Graph id 243 reused\n"}
,{"stream_name":"stderr","time":313.01685486,"data":"CUDA Graph id 244 reused\n"}
,{"stream_name":"stderr","time":313.032554794,"data":"CUDA Graph id 243 reused\n"}
,{"stream_name":"stderr","time":313.032969165,"data":"CUDA Graph id 244 reused\n"}
,{"stream_name":"stderr","time":313.049203252,"data":"CUDA Graph id 243 reused\n"}
,{"stream_name":"stderr","time":313.049637805,"data":"CUDA Graph id 244 reused\n"}
,{"stream_name":"stderr","time":313.065305627,"data":"CUDA Graph id 243 reused\n"}
,{"stream_name":"stderr","time":313.065731465,"data":"CUDA Graph id 244 reused\n"}
,{"stream_name":"stderr","time":313.081643901,"data":"CUDA Graph id 243 reused\n"}
,{"stream_name":"stderr","time":313.081965887,"data":"CUDA Graph id 244 reused\n"}
,{"stream_name":"stderr","time":313.097677639,"data":"CUDA Graph id 243 reused\n"}
,{"stream_name":"stderr","time":313.098050543,"data":"CUDA Graph id 244 reused\n"}
,{"stream_name":"stderr","time":313.113534213,"data":"CUDA Graph id 243 reused\n"}
,{"stream_name":"stderr","time":313.114017251,"data":"CUDA Graph id 244 reused\n"}
,{"stream_name":"stderr","time":313.129757049,"data":"CUDA Graph id 243 reused\n"}
,{"stream_name":"stderr","time":313.13019453,"data":"CUDA Graph id 244 reused\n"}
,{"stream_name":"stderr","time":313.145965584,"data":"CUDA Graph id 243 reused\n"}
,{"stream_name":"stderr","time":313.146354746,"data":"CUDA Graph id 244 reused\n"}
,{"stream_name":"stderr","time":313.162249889,"data":"CUDA Graph id 243 reused\n"}
,{"stream_name":"stderr","time":313.162592943,"data":"CUDA Graph id 244 reused\n"}
,{"stream_name":"stderr","time":313.178273514,"data":"CUDA Graph id 243 reused\n"}
,{"stream_name":"stderr","time":313.178584996,"data":"CUDA Graph id 244 reused\n"}
,{"stream_name":"stderr","time":313.194359288,"data":"CUDA Graph id 243 reused\n"}
,{"stream_name":"stderr","time":313.194705899,"data":"CUDA Graph id 244 reused\n"}
,{"stream_name":"stderr","time":313.210752185,"data":"CUDA Graph id 243 reused\n"}
,{"stream_name":"stderr","time":313.211048442,"data":"CUDA Graph id 244 reused\n"}
,{"stream_name":"stderr","time":313.226893224,"data":"CUDA Graph id 243 reused\n"}
,{"stream_name":"stderr","time":313.227418238,"data":"CUDA Graph id 244 reused\n"}
,{"stream_name":"stderr","time":313.243543503,"data":"CUDA Graph id 243 reused\n"}
,{"stream_name":"stderr","time":313.244058349,"data":"CUDA Graph id 244 reused\n"}
,{"stream_name":"stderr","time":313.259626206,"data":"CUDA Graph id 243 reused\n"}
,{"stream_name":"stderr","time":313.260091115,"data":"CUDA Graph id 244 reused\n"}
,{"stream_name":"stderr","time":313.275877929,"data":"CUDA Graph id 243 reused\n"}
,{"stream_name":"stderr","time":313.27630904,"data":"CUDA Graph id 244 reused\n"}
,{"stream_name":"stderr","time":313.292270144,"data":"CUDA Graph id 243 reused\n"}
,{"stream_name":"stderr","time":313.292738366,"data":"CUDA Graph id 244 reused\n"}
,{"stream_name":"stderr","time":313.308376412,"data":"CUDA Graph id 243 reused\n"}
,{"stream_name":"stderr","time":313.308783337,"data":"CUDA Graph id 244 reused\n"}
,{"stream_name":"stderr","time":313.324832431,"data":"CUDA Graph id 243 reused\n"}
,{"stream_name":"stderr","time":313.325277197,"data":"CUDA Graph id 244 reused\n"}
,{"stream_name":"stderr","time":313.34083056,"data":"CUDA Graph id 243 reused\n"}
,{"stream_name":"stderr","time":313.341272694,"data":"CUDA Graph id 244 reused\n"}
,{"stream_name":"stderr","time":313.356796401,"data":"CUDA Graph id 243 reused\n"}
,{"stream_name":"stderr","time":313.357290188,"data":"CUDA Graph id 244 reused\n"}
,{"stream_name":"stderr","time":313.373455406,"data":"CUDA Graph id 243 reused\n"}
,{"stream_name":"stderr","time":313.373868329,"data":"CUDA Graph id 244 reused\n"}
,{"stream_name":"stderr","time":313.389821956,"data":"CUDA Graph id 243 reused\n"}
,{"stream_name":"stderr","time":313.390170549,"data":"CUDA Graph id 244 reused\n"}
,{"stream_name":"stderr","time":313.406306155,"data":"CUDA Graph id 243 reused\n"}
,{"stream_name":"stderr","time":313.406744294,"data":"CUDA Graph id 244 reused\n"}
,{"stream_name":"stderr","time":313.422582031,"data":"CUDA Graph id 243 reused\n"}
,{"stream_name":"stderr","time":313.422997943,"data":"CUDA Graph id 244 reused\n"}
,{"stream_name":"stderr","time":313.43845919,"data":"CUDA Graph id 243 reused\n"}
,{"stream_name":"stderr","time":313.43892683,"data":"CUDA Graph id 244 reused\n"}
,{"stream_name":"stderr","time":313.454885029,"data":"CUDA Graph id 243 reused\n"}
,{"stream_name":"stderr","time":313.45529646,"data":"CUDA Graph id 244 reused\n"}
,{"stream_name":"stderr","time":313.470923076,"data":"CUDA Graph id 243 reused\n"}
,{"stream_name":"stderr","time":313.471357054,"data":"CUDA Graph id 244 reused\n"}
,{"stream_name":"stderr","time":313.487137056,"data":"CUDA Graph id 243 reused\n"}
,{"stream_name":"stderr","time":313.487472454,"data":"CUDA Graph id 244 reused\n"}
,{"stream_name":"stderr","time":313.50325818,"data":"CUDA Graph id 243 reused\n"}
,{"stream_name":"stderr","time":313.503642241,"data":"CUDA Graph id 244 reused\n"}
,{"stream_name":"stderr","time":313.519271941,"data":"CUDA Graph id 243 reused\n"}
,{"stream_name":"stderr","time":313.519671131,"data":"CUDA Graph id 244 reused\n"}
,{"stream_name":"stderr","time":313.535797225,"data":"CUDA Graph id 243 reused\n"}
,{"stream_name":"stderr","time":313.536297627,"data":"CUDA Graph id 244 reused\n"}
,{"stream_name":"stderr","time":313.552397135,"data":"CUDA Graph id 243 reused\n"}
,{"stream_name":"stderr","time":313.552790301,"data":"CUDA Graph id 244 reused\n"}
,{"stream_name":"stderr","time":313.568750298,"data":"CUDA Graph id 243 reused\n"}
,{"stream_name":"stderr","time":313.569196837,"data":"CUDA Graph id 244 reused\n"}
,{"stream_name":"stderr","time":313.585029138,"data":"CUDA Graph id 243 reused\n"}
,{"stream_name":"stderr","time":313.585453509,"data":"CUDA Graph id 244 reused\n"}
,{"stream_name":"stderr","time":313.601182828,"data":"CUDA Graph id 243 reused\n"}
,{"stream_name":"stderr","time":313.601625958,"data":"CUDA Graph id 244 reused\n"}
,{"stream_name":"stderr","time":313.617353648,"data":"CUDA Graph id 243 reused\n"}
,{"stream_name":"stderr","time":313.61781337,"data":"CUDA Graph id 244 reused\n"}
,{"stream_name":"stderr","time":313.633581875,"data":"CUDA Graph id 243 reused\n"}
,{"stream_name":"stderr","time":313.634114303,"data":"CUDA Graph id 244 reused\n"}
,{"stream_name":"stderr","time":313.650002287,"data":"CUDA Graph id 243 reused\n"}
,{"stream_name":"stderr","time":313.650339745,"data":"CUDA Graph id 244 reused\n"}
,{"stream_name":"stderr","time":313.666102846,"data":"CUDA Graph id 243 reused\n"}
,{"stream_name":"stderr","time":313.666498844,"data":"CUDA Graph id 244 reused\n"}
,{"stream_name":"stderr","time":313.682093474,"data":"CUDA Graph id 243 reused\n"}
,{"stream_name":"stderr","time":313.682416711,"data":"CUDA Graph id 244 reused\n"}
,{"stream_name":"stderr","time":313.698344055,"data":"CUDA Graph id 243 reused\n"}
,{"stream_name":"stderr","time":313.698760575,"data":"CUDA Graph id 244 reused\n"}
,{"stream_name":"stderr","time":313.714308107,"data":"CUDA Graph id 243 reused\n"}
,{"stream_name":"stderr","time":313.714689836,"data":"CUDA Graph id 244 reused\n"}
,{"stream_name":"stderr","time":313.730566209,"data":"CUDA Graph id 243 reused\n"}
,{"stream_name":"stderr","time":313.731082043,"data":"CUDA Graph id 244 reused\n"}
,{"stream_name":"stderr","time":313.746777698,"data":"CUDA Graph id 243 reused\n"}
,{"stream_name":"stderr","time":313.747192221,"data":"CUDA Graph id 244 reused\n"}
,{"stream_name":"stderr","time":313.762753184,"data":"CUDA Graph id 243 reused\n"}
,{"stream_name":"stderr","time":313.763047231,"data":"CUDA Graph id 244 reused\n"}
,{"stream_name":"stderr","time":313.779092743,"data":"CUDA Graph id 243 reused\n"}
,{"stream_name":"stderr","time":313.779517513,"data":"CUDA Graph id 244 reused\n"}
,{"stream_name":"stderr","time":313.795303288,"data":"CUDA Graph id 243 reused\n"}
,{"stream_name":"stderr","time":313.795678086,"data":"CUDA Graph id 244 reused\n"}
,{"stream_name":"stderr","time":313.811657041,"data":"CUDA Graph id 243 reused\n"}
,{"stream_name":"stderr","time":313.812005604,"data":"CUDA Graph id 244 reused\n"}
,{"stream_name":"stderr","time":313.828048582,"data":"CUDA Graph id 243 reused\n"}
,{"stream_name":"stderr","time":313.828386447,"data":"CUDA Graph id 244 reused\n"}
,{"stream_name":"stderr","time":313.844023519,"data":"CUDA Graph id 243 reused\n"}
,{"stream_name":"stderr","time":313.844344457,"data":"CUDA Graph id 244 reused\n"}
,{"stream_name":"stderr","time":313.860273697,"data":"CUDA Graph id 243 reused\n"}
,{"stream_name":"stderr","time":313.860532476,"data":"CUDA Graph id 244 reused\n"}
,{"stream_name":"stderr","time":313.876532787,"data":"CUDA Graph id 243 reused\n"}
,{"stream_name":"stderr","time":313.877062139,"data":"CUDA Graph id 244 reused\n"}
,{"stream_name":"stderr","time":313.892556517,"data":"CUDA Graph id 243 reused\n"}
,{"stream_name":"stderr","time":313.892993342,"data":"CUDA Graph id 244 reused\n"}
,{"stream_name":"stderr","time":313.908981053,"data":"CUDA Graph id 243 reused\n"}
,{"stream_name":"stderr","time":313.909349734,"data":"CUDA Graph id 244 reused\n"}
,{"stream_name":"stderr","time":313.925248752,"data":"CUDA Graph id 243 reused\n"}
,{"stream_name":"stderr","time":313.925596055,"data":"CUDA Graph id 244 reused\n"}
,{"stream_name":"stderr","time":313.941631026,"data":"CUDA Graph id 243 reused\n"}
,{"stream_name":"stderr","time":313.942002765,"data":"CUDA Graph id 244 reused\n"}
,{"stream_name":"stderr","time":313.958030353,"data":"CUDA Graph id 243 reused\n"}
,{"stream_name":"stderr","time":313.958467826,"data":"CUDA Graph id 244 reused\n"}
,{"stream_name":"stderr","time":313.974418102,"data":"CUDA Graph id 243 reused\n"}
,{"stream_name":"stderr","time":313.974803254,"data":"CUDA Graph id 244 reused\n"}
,{"stream_name":"stderr","time":313.990859092,"data":"CUDA Graph id 243 reused\n"}
,{"stream_name":"stderr","time":313.991275138,"data":"CUDA Graph id 244 reused\n"}
,{"stream_name":"stderr","time":314.007117433,"data":"CUDA Graph id 243 reused\n"}
,{"stream_name":"stderr","time":314.007638421,"data":"CUDA Graph id 244 reused\n"}
,{"stream_name":"stderr","time":314.023426142,"data":"CUDA Graph id 243 reused\n"}
,{"stream_name":"stderr","time":314.023755934,"data":"CUDA Graph id 244 reused\n"}
,{"stream_name":"stderr","time":314.039754864,"data":"CUDA Graph id 243 reused\n"}
,{"stream_name":"stderr","time":314.040222111,"data":"CUDA Graph id 244 reused\n"}
,{"stream_name":"stderr","time":314.056112352,"data":"CUDA Graph id 243 reused\n"}
,{"stream_name":"stderr","time":314.056516321,"data":"CUDA Graph id 244 reused\n"}
,{"stream_name":"stderr","time":314.072582465,"data":"CUDA Graph id 243 reused\n"}
,{"stream_name":"stderr","time":314.072928558,"data":"CUDA Graph id 244 reused\n"}
,{"stream_name":"stderr","time":314.088571049,"data":"CUDA Graph id 243 reused\n"}
,{"stream_name":"stderr","time":314.089008098,"data":"CUDA Graph id 244 reused\n"}
,{"stream_name":"stderr","time":314.104663778,"data":"CUDA Graph id 243 reused\n"}
,{"stream_name":"stderr","time":314.104964548,"data":"CUDA Graph id 244 reused\n"}
,{"stream_name":"stderr","time":314.120998862,"data":"CUDA Graph id 243 reused\n"}
,{"stream_name":"stderr","time":314.121334284,"data":"CUDA Graph id 244 reused\n"}
,{"stream_name":"stderr","time":314.137285395,"data":"CUDA Graph id 243 reused\n"}
,{"stream_name":"stderr","time":314.13768418,"data":"CUDA Graph id 244 reused\n"}
,{"stream_name":"stderr","time":314.153980976,"data":"CUDA Graph id 243 reused\n"}
,{"stream_name":"stderr","time":314.154291204,"data":"CUDA Graph id 244 reused\n"}
,{"stream_name":"stderr","time":314.170147008,"data":"CUDA Graph id 243 reused\n"}
,{"stream_name":"stderr","time":314.170543072,"data":"CUDA Graph id 244 reused\n"}
,{"stream_name":"stderr","time":314.186468743,"data":"CUDA Graph id 243 reused\n"}
,{"stream_name":"stderr","time":314.186787676,"data":"CUDA Graph id 244 reused\n"}
,{"stream_name":"stderr","time":314.202987677,"data":"CUDA Graph id 243 reused\n"}
,{"stream_name":"stderr","time":314.203302158,"data":"CUDA Graph id 244 reused\n"}
,{"stream_name":"stderr","time":314.21953655,"data":"CUDA Graph id 243 reused\n"}
,{"stream_name":"stderr","time":314.220006474,"data":"CUDA Graph id 244 reused\n"}
,{"stream_name":"stderr","time":314.236163648,"data":"CUDA Graph id 243 reused\n"}
,{"stream_name":"stderr","time":314.236566559,"data":"CUDA Graph id 244 reused\n"}
,{"stream_name":"stderr","time":314.252496979,"data":"CUDA Graph id 243 reused\n"}
,{"stream_name":"stderr","time":314.252843867,"data":"CUDA Graph id 244 reused\n"}
,{"stream_name":"stderr","time":314.268484488,"data":"CUDA Graph id 243 reused\n"}
,{"stream_name":"stderr","time":314.268900414,"data":"CUDA Graph id 244 reused\n"}
,{"stream_name":"stderr","time":314.284953819,"data":"CUDA Graph id 243 reused\n"}
,{"stream_name":"stderr","time":314.285262467,"data":"CUDA Graph id 244 reused\n"}
,{"stream_name":"stderr","time":314.30106297,"data":"CUDA Graph id 243 reused\n"}
,{"stream_name":"stderr","time":314.301418068,"data":"CUDA Graph id 244 reused\n"}
,{"stream_name":"stderr","time":314.317409311,"data":"CUDA Graph id 243 reused\n"}
,{"stream_name":"stderr","time":314.317761659,"data":"CUDA Graph id 244 reused\n"}
,{"stream_name":"stderr","time":314.335415806,"data":"ggml_backend_cuda_graph_compute: CUDA graph warmup reset\n"}
,{"stream_name":"stderr","time":314.337548246,"data":"ggml_backend_cuda_graph_compute: CUDA graph warmup reset\n"}
,{"stream_name":"stderr","time":314.352177723,"data":"CUDA Graph id 247 reused\n"}
,{"stream_name":"stderr","time":314.352199589,"data":"ggml_backend_cuda_graph_compute: CUDA graph warmup complete\n"}
,{"stream_name":"stderr","time":314.354212739,"data":"CUDA Graph id 248 reused\n"}
,{"stream_name":"stderr","time":314.354234571,"data":"ggml_backend_cuda_graph_compute: CUDA graph warmup complete\n"}
,{"stream_name":"stderr","time":314.370972568,"data":"CUDA Graph id 247 reused\n"}
,{"stream_name":"stderr","time":314.371364488,"data":"CUDA Graph id 248 reused\n"}
,{"stream_name":"stderr","time":314.388180521,"data":"CUDA Graph id 247 reused\n"}
,{"stream_name":"stderr","time":314.388643829,"data":"CUDA Graph id 248 reused\n"}
,{"stream_name":"stderr","time":314.406049659,"data":"CUDA Graph id 247 reused\n"}
,{"stream_name":"stderr","time":314.406363658,"data":"CUDA Graph id 248 reused\n"}
,{"stream_name":"stderr","time":314.423782688,"data":"CUDA Graph id 247 reused\n"}
,{"stream_name":"stderr","time":314.424176204,"data":"CUDA Graph id 248 reused\n"}
,{"stream_name":"stderr","time":314.441316836,"data":"CUDA Graph id 247 reused\n"}
,{"stream_name":"stderr","time":314.441544771,"data":"CUDA Graph id 248 reused\n"}
,{"stream_name":"stderr","time":314.45850885,"data":"llama_perf_context_print:        load time =     635.80 ms\n"}
,{"stream_name":"stderr","time":314.458561451,"data":"llama_perf_context_print: prompt eval time =      99.54 ms /    16 tokens (    6.22 ms per token,   160.74 tokens per second)\n"}
,{"stream_name":"stderr","time":314.458568,"data":"llama_perf_context_print:        eval time =    2798.77 ms /   183 runs   (   15.29 ms per token,    65.39 tokens per second)\n"}
,{"stream_name":"stderr","time":314.458573297,"data":"llama_perf_context_print:       total time =    3083.77 ms /   199 tokens\n"}
,{"stream_name":"stderr","time":314.458577549,"data":"llama_perf_context_print:    graphs reused =        181\n"}
,{"stream_name":"stderr","time":314.491847072,"data":"~llama_context:      CUDA0 compute buffer size is 641.7891 MiB, matches expectation of 641.7891 MiB\n"}
,{"stream_name":"stderr","time":314.49187402,"data":"~llama_context:      CUDA1 compute buffer size is 641.7969 MiB, matches expectation of 641.7969 MiB\n"}
,{"stream_name":"stderr","time":314.491893484,"data":"~llama_context:  CUDA_Host compute buffer size is  91.3047 MiB, matches expectation of  91.3047 MiB\n"}
,{"stream_name":"stdout","time":314.737816364,"data":"###TIMINGS###\n"}
,{"stream_name":"stdout","time":314.737898226,"data":"{\n"}
,{"stream_name":"stdout","time":314.737902734,"data":"  \"metric\": \"gguf-llm-toks\",\n"}
,{"stream_name":"stdout","time":314.737906068,"data":"  \"git_sha\": \"98fbe87\",\n"}
,{"stream_name":"stdout","time":314.737909055,"data":"  \"platform\": \"kaggle\",\n"}
,{"stream_name":"stdout","time":314.737911933,"data":"  \"gpu\": \"Tesla T4\",\n"}
,{"stream_name":"stdout","time":314.737914643,"data":"  \"vram_mb\": 15360.0,\n"}
,{"stream_name":"stdout","time":314.737917458,"data":"  \"driver\": \"580.159.04\",\n"}
,{"stream_name":"stdout","time":314.737920103,"data":"  \"baseline_vram_used_mb\": 0.0,\n"}
,{"stream_name":"stdout","time":314.73792283,"data":"  \"budget_s\": 7200,\n"}
,{"stream_name":"stdout","time":314.737925429,"data":"  \"models\": [\n"}
,{"stream_name":"stdout","time":314.737928126,"data":"    {\n"}
,{"stream_name":"stdout","time":314.737930731,"data":"      \"model\": \"qwen3-4b-q4-k-m\",\n"}
,{"stream_name":"stdout","time":314.737933479,"data":"      \"repo\": \"bartowski/Qwen_Qwen3-4B-GGUF\",\n"}
,{"stream_name":"stdout","time":314.737936187,"data":"      \"file\": \"Qwen_Qwen3-4B-Q4_K_M.gguf\",\n"}
,{"stream_name":"stdout","time":314.737938905,"data":"      \"n_ctx\": 4096,\n"}
,{"stream_name":"stdout","time":314.737941451,"data":"      \"status\": \"ok\",\n"}
,{"stream_name":"stdout","time":314.737944057,"data":"      \"free_mb_before_load\": 15357.0,\n"}
,{"stream_name":"stdout","time":314.737946685,"data":"      \"file_gb\": 2.497,\n"}
,{"stream_name":"stdout","time":314.737949359,"data":"      \"download_s\": 13.21,\n"}
,{"stream_name":"stdout","time":314.737986022,"data":"      \"load_s\": 1.95,\n"}
,{"stream_name":"stdout","time":314.737990629,"data":"      \"offload_log\": [\n"}
,{"stream_name":"stdout","time":314.737994966,"data":"        \"load_tensors: offloaded 37/37 layers to GPU\"\n"}
,{"stream_name":"stdout","time":314.737999438,"data":"      ],\n"}
,{"stream_name":"stdout","time":314.738003264,"data":"      \"pp512_tok_s\": 17692.97,\n"}
,{"stream_name":"stdout","time":314.738007626,"data":"      \"vram_after_warmup_mb\": 1901.0,\n"}
,{"stream_name":"stdout","time":314.738012198,"data":"      \"tg_wall_s\": 10.22,\n"}
,{"stream_name":"stdout","time":314.738016786,"data":"      \"tg_completion_tokens\": 640,\n"}
,{"stream_name":"stdout","time":314.738032064,"data":"      \"tg_tok_s\": 62.64,\n"}
,{"stream_name":"stdout","time":314.738036918,"data":"      \"answer_head\": \"1. **Mercury** \\u2013 The closest planet to the Sun, it experiences extreme temperature variations, ranging from scorching heat during the day to freezing cold at ni\",\n"}
,{"stream_name":"stdout","time":314.738044138,"data":"      \"answer_ok\": true,\n"}
,{"stream_name":"stdout","time":314.738048782,"data":"      \"vram_peak_mb\": 1901.0,\n"}
,{"stream_name":"stdout","time":314.738066327,"data":"      \"vram_freed_after_del\": true\n"}
,{"stream_name":"stdout","time":314.738070955,"data":"    },\n"}
,{"stream_name":"stdout","time":314.738075289,"data":"    {\n"}
,{"stream_name":"stdout","time":314.738079667,"data":"      \"model\": \"qwen3-8b-q4-k-m\",\n"}
,{"stream_name":"stdout","time":314.738084495,"data":"      \"repo\": \"bartowski/Qwen_Qwen3-8B-GGUF\",\n"}
,{"stream_name":"stdout","time":314.738088939,"data":"      \"file\": \"Qwen_Qwen3-8B-Q4_K_M.gguf\",\n"}
,{"stream_name":"stdout","time":314.738093368,"data":"      \"n_ctx\": 4096,\n"}
,{"stream_name":"stdout","time":314.738097224,"data":"      \"status\": \"ok\",\n"}
,{"stream_name":"stdout","time":314.738101694,"data":"      \"free_mb_before_load\": 15237.0,\n"}
,{"stream_name":"stdout","time":314.738106194,"data":"      \"file_gb\": 5.028,\n"}
,{"stream_name":"stdout","time":314.738110667,"data":"      \"download_s\": 31.55,\n"}
,{"stream_name":"stdout","time":314.738114579,"data":"      \"load_s\": 2.31,\n"}
,{"stream_name":"stdout","time":314.738118506,"data":"      \"offload_log\": [\n"}
,{"stream_name":"stdout","time":314.738122354,"data":"        \"load_tensors: offloaded 37/37 layers to GPU\"\n"}
,{"stream_name":"stdout","time":314.738126232,"data":"      ],\n"}
,{"stream_name":"stdout","time":314.738129971,"data":"      \"pp512_tok_s\": 758.08,\n"}
,{"stream_name":"stdout","time":314.738134029,"data":"      \"vram_after_warmup_mb\": 2917.0,\n"}
,{"stream_name":"stdout","time":314.738140004,"data":"      \"tg_wall_s\": 14.29,\n"}
,{"stream_name":"stdout","time":314.738147741,"data":"      \"tg_completion_tokens\": 565,\n"}
,{"stream_name":"stdout","time":314.738150502,"data":"      \"tg_tok_s\": 39.55,\n"}
,{"stream_name":"stdout","time":314.738153254,"data":"      \"answer_head\": \"1. **Mercury** \\u2013 It is the closest planet to the Sun and has extreme temperature variations, with daytime temperatures reaching up to 430\\u00b0C (800\\u00b0F) and nighttim\",\n"}
,{"stream_name":"stdout","time":314.738156479,"data":"      \"answer_ok\": true,\n"}
,{"stream_name":"stdout","time":314.738159083,"data":"      \"vram_peak_mb\": 2917.0,\n"}
,{"stream_name":"stdout","time":314.738161671,"data":"      \"vram_freed_after_del\": true\n"}
,{"stream_name":"stdout","time":314.738164298,"data":"    },\n"}
,{"stream_name":"stdout","time":314.738166751,"data":"    {\n"}
,{"stream_name":"stdout","time":314.738169293,"data":"      \"model\": \"qwen3-14b-q4-k-m\",\n"}
,{"stream_name":"stdout","time":314.738171946,"data":"      \"repo\": \"bartowski/Qwen_Qwen3-14B-GGUF\",\n"}
,{"stream_name":"stdout","time":314.738174659,"data":"      \"file\": \"Qwen_Qwen3-14B-Q4_K_M.gguf\",\n"}
,{"stream_name":"stdout","time":314.738177371,"data":"      \"n_ctx\": 4096,\n"}
,{"stream_name":"stdout","time":314.738179913,"data":"      \"status\": \"ok\",\n"}
,{"stream_name":"stdout","time":314.738184321,"data":"      \"free_mb_before_load\": 15237.0,\n"}
,{"stream_name":"stdout","time":314.738186961,"data":"      \"file_gb\": 9.002,\n"}
,{"stream_name":"stdout","time":314.738194276,"data":"      \"download_s\": 31.8,\n"}
,{"stream_name":"stdout","time":314.738196961,"data":"      \"load_s\": 3.92,\n"}
,{"stream_name":"stdout","time":314.73819953,"data":"      \"offload_log\": [\n"}
,{"stream_name":"stdout","time":314.738202136,"data":"        \"load_tensors: offloaded 41/41 layers to GPU\"\n"}
,{"stream_name":"stdout","time":314.738204787,"data":"      ],\n"}
,{"stream_name":"stdout","time":314.738207284,"data":"      \"pp512_tok_s\": 481.89,\n"}
,{"stream_name":"stdout","time":314.738209926,"data":"      \"vram_after_warmup_mb\": 4899.0,\n"}
,{"stream_name":"stdout","time":314.738212519,"data":"      \"tg_wall_s\": 18.78,\n"}
,{"stream_name":"stdout","time":314.738215258,"data":"      \"tg_completion_tokens\": 436,\n"}
,{"stream_name":"stdout","time":314.73821784,"data":"      \"tg_tok_s\": 23.21,\n"}
,{"stream_name":"stdout","time":314.738220569,"data":"      \"answer_head\": \"1. **Earth** - The only planet in the solar system known to support life, with liquid water and a breathable atmosphere.  \\n2. **Jupiter** - The largest planet i\",\n"}
,{"stream_name":"stdout","time":314.738223639,"data":"      \"answer_ok\": true,\n"}
,{"stream_name":"stdout","time":314.73822622,"data":"      \"vram_peak_mb\": 4899.0,\n"}
,{"stream_name":"stdout","time":314.738228811,"data":"      \"vram_freed_after_del\": true\n"}
,{"stream_name":"stdout","time":314.738231386,"data":"    },\n"}
,{"stream_name":"stdout","time":314.738233894,"data":"    {\n"}
,{"stream_name":"stdout","time":314.738236432,"data":"      \"model\": \"gpt-oss-20b-mxfp4\",\n"}
,{"stream_name":"stdout","time":314.738239097,"data":"      \"repo\": \"ggml-org/gpt-oss-20b-GGUF\",\n"}
,{"stream_name":"stdout","time":314.738241774,"data":"      \"file\": \"gpt-oss-20b-MXFP4.gguf\",\n"}
,{"stream_name":"stdout","time":314.738244461,"data":"      \"n_ctx\": 4096,\n"}
,{"stream_name":"stdout","time":314.738247045,"data":"      \"status\": \"ok\",\n"}
,{"stream_name":"stdout","time":314.738249665,"data":"      \"free_mb_before_load\": 15237.0,\n"}
,{"stream_name":"stdout","time":314.738252269,"data":"      \"file_gb\": 12.11,\n"}
,{"stream_name":"stdout","time":314.738254916,"data":"      \"download_s\": 51.0,\n"}
,{"stream_name":"stdout","time":314.73825749,"data":"      \"load_s\": 57.34,\n"}
,{"stream_name":"stdout","time":314.738260179,"data":"      \"offload_log\": [\n"}
,{"stream_name":"stdout","time":314.738262792,"data":"        \"load_tensors: offloaded 25/25 layers to GPU\"\n"}
,{"stream_name":"stdout","time":314.738265415,"data":"      ],\n"}
,{"stream_name":"stdout","time":314.73826797,"data":"      \"pp512_tok_s\": 1568.0,\n"}
,{"stream_name":"stdout","time":314.738270579,"data":"      \"vram_after_warmup_mb\": 6563.0,\n"}
,{"stream_name":"stdout","time":314.738273169,"data":"      \"tg_wall_s\": 3.09,\n"}
,{"stream_name":"stdout","time":314.738275843,"data":"      \"tg_completion_tokens\": 183,\n"}
,{"stream_name":"stdout","time":314.738278401,"data":"      \"tg_tok_s\": 59.21,\n"}
,{"stream_name":"stdout","time":314.738281086,"data":"      \"answer_head\": \"\u003c|channel|\u003eanalysis\u003c|message|\u003eThe user asks: \\\"Name three planets in the solar system and one fact about each.\\\" So we need to provide three planets and a fact ab\",\n"}
,{"stream_name":"stdout","time":314.738284746,"data":"      \"answer_ok\": false,\n"}
,{"stream_name":"stdout","time":314.738287364,"data":"      \"vram_peak_mb\": 6563.0,\n"}
,{"stream_name":"stdout","time":314.738307837,"data":"      \"vram_freed_after_del\": true\n"}
,{"stream_name":"stdout","time":314.738310647,"data":"    }\n"}
,{"stream_name":"stdout","time":314.73831595,"data":"  ],\n"}
,{"stream_name":"stdout","time":314.738318688,"data":"  \"nvcc_probe\": {\n"}
,{"stream_name":"stdout","time":314.738321374,"data":"    \"nvcc_on_path\": true,\n"}
,{"stream_name":"stdout","time":314.738324119,"data":"    \"nvcc_in_usr_local_cuda\": true,\n"}
,{"stream_name":"stdout","time":314.738326851,"data":"    \"nvcc_version\": \"12.8\"\n"}
,{"stream_name":"stdout","time":314.738329605,"data":"  },\n"}
,{"stream_name":"stdout","time":314.738332213,"data":"  \"install_path\": \"prebuilt-cu124-wheel\",\n"}
,{"stream_name":"stdout","time":314.738335006,"data":"  \"llama_cpp_python_version\": \"0.3.35\",\n"}
,{"stream_name":"stdout","time":314.738337805,"data":"  \"gpu_offload_supported\": true,\n"}
,{"stream_name":"stdout","time":314.738340553,"data":"  \"build_s\": 65.8,\n"}
,{"stream_name":"stdout","time":314.738346353,"data":"  \"wall_s\": 313.7\n"}
,{"stream_name":"stdout","time":314.738349513,"data":"}\n"}
,{"stream_name":"stdout","time":314.738352217,"data":"###TIMINGS###\n"}
,{"stream_name":"stderr","time":319.118942696,"data":"/usr/local/lib/python3.12/dist-packages/mistune.py:435: SyntaxWarning: invalid escape sequence '\\|'\n"}
,{"stream_name":"stderr","time":319.118984806,"data":"  cells[i][c] = re.sub('\\\\\\\\\\|', '|', cell)\n"}
,{"stream_name":"stderr","time":319.504600201,"data":"/usr/local/lib/python3.12/dist-packages/nbconvert/filters/filter_links.py:36: SyntaxWarning: invalid escape sequence '\\_'\n"}
,{"stream_name":"stderr","time":319.504634683,"data":"  text = re.sub(r'_', '\\_', text) # Escape underscores in display text\n"}
,{"stream_name":"stderr","time":321.147323218,"data":"[NbConvertApp] Converting notebook __script__.ipynb to html\n"}
,{"stream_name":"stderr","time":322.752664199,"data":"[NbConvertApp] Writing 338054 bytes to __results__.html\n"}
]